id;data_inversa;dia_semana;horario;uf;br;km;municipio;causa_acidente;tipo_acidente;classificacao_acidente;fase_dia
879818;30/03/2011;Quarta;09:00:00;RJ;101;322.0;NITEROI;Velocidade incompativel;Colisao traseira;Sem Vitimas;Pleno dia
879913;30/03/2011;Quarta;19:55:00;RJ;101;326.0;NITEROI;Outras;Colisao traseira;Sem Vitimas;Plena noite
879932;30/03/2011;Quarta;21:25:00;RJ;101;322.0;NITEROI;Nao guardar distancia de seguranca;Colisao traseira;Sem Vitimas;Plena noite
880057;31/03/2011;Quinta;05:20:00;RJ;101;320.0;NITEROI;Outras;Colisao frontal;Com Vitimas Feridas;Pleno dia
880349;28/03/2011;Segunda;13:40:00;RJ;101;317.0;SAO GONCALO;Outras;Colisao lateral;Com Vitimas Feridas;Pleno dia
880408;31/03/2011;Quinta;19:10:00;RJ;101;317.0;SAO GONCALO;Falta de atencao;Colisao traseira;Com Vitimas Feridas;Plena noite
880479;31/03/2011;Quinta;22:10:00;RJ;101;316.0;SAO GONCALO;Outras;Colisao com objeto movel;Sem Vitimas;Anoitecer
880517;01/04/2011;Sexta;01:05:00;RJ;101;306.0;SAO GONCALO;Outras;Saida de Pista;Com Vitimas Feridas;Plena noite
880682;01/04/2011;Sexta;07:20:00;RJ;101;319.0;SAO GONCALO;Outras;Colisao traseira;Sem Vitimas;Pleno dia
880731;01/04/2011;Sexta;11:12:00;RJ;101;318.0;SAO GONCALO;Falta de atencao;Colisao lateral;Sem Vitimas;Pleno dia
880766;30/03/2011;Quarta;03:30:00;RJ;101;316.0;SAO GONCALO;Nao guardar distancia de seguranca;Colisao traseira;Com Vitimas Feridas;Plena noite
880809;01/04/2011;Sexta;08:35:00;RJ;101;314.0;SAO GONCALO;Falta de atencao;Colisao traseira;Sem Vitimas;Pleno dia
881199;02/04/2011;Sabado;11:00:00;RJ;101;319.0;NITEROI;Nao guardar distancia de seguranca;Colisao traseira;Sem Vitimas;Pleno dia
881285;02/04/2011;Sabado;08:30:00;RJ;101;319.0;NITEROI;Nao guardar distancia de seguranca;Colisao traseira;Sem Vitimas;Pleno dia
881329;02/04/2011;Sabado;16:20:00;RJ;101;316.0;SAO GONCALO;Falta de atencao;Colisao traseira;Sem Vitimas;Pleno dia
881344;02/04/2011;Sabado;10:00:00;RJ;101;316.0;SAO GONCALO;Outras;Colisao lateral;Sem Vitimas;Pleno dia
881386;02/04/2011;Sabado;09:50:00;RJ;101;320.0;NITEROI;Nao guardar distancia de seguranca;Colisao traseira;Com Vitimas Feridas;Pleno dia
881524;03/04/2011;Domingo;02:55:00;RJ;101;323.0;NITEROI;Outras;Colisao traseira;Com Vitimas Feridas;Plena noite
881661;03/04/2011;Domingo;12:10:00;RJ;101;322.0;NITEROI;Outras;Colisao traseira;Sem Vitimas;Pleno dia
881684;01/04/2011;Sexta;19:20:00;RJ;101;321.0;NITEROI;Outras;Danos Eventuais;Sem Vitimas;Plena noite
881747;03/04/2011;Domingo;15:30:00;RJ;101;323.0;NITEROI;Outras;Danos Eventuais;Sem Vitimas;Pleno dia
881750;03/04/2011;Domingo;16:10:00;RJ;101;327.0;NITEROI;Outras;Colisao traseira;Sem Vitimas;Plena noite
881773;01/04/2011;Sexta;20:15:00;RJ;101;322.0;NITEROI;Outras;Danos Eventuais;Sem Vitimas;Plena noite
881805;01/04/2011;Sexta;20:15:00;RJ;101;330.0;RIO DE JANEIRO;Outras;Danos Eventuais;Sem Vitimas;Plena noite
881951;03/04/2011;Domingo;22:25:00;RJ;101;307.0;SAO GONCALO;Outras;Colisao lateral;Sem Vitimas;Plena noite
881953;01/04/2011;Sexta;16:20:00;RJ;101;327.0;NITEROI;Outras;Colisao traseira;Sem Vitimas;Pleno dia
881996;03/04/2011;Domingo;14:10:00;RJ;101;305.0;SAO GONCALO;Outras;Saida de Pista;Sem Vitimas;Pleno dia
882001;03/04/2011;Domingo;23:30:00;RJ;101;314.0;SAO GONCALO;Outras;Saida de Pista;Sem Vitimas;Plena noite
882171;04/04/2011;Segunda;12:10:00;RJ;101;318.0;NITEROI;Outras;Colisao traseira;Sem Vitimas;Pleno dia
882200;04/04/2011;Segunda;13:30:00;RJ;101;322.0;NITEROI;Outras;Incendio;Sem Vitimas;Pleno dia
882267;04/04/2011;Segunda;14:15:00;RJ;101;311.0;SAO GONCALO;Outras;Colisao traseira;Sem Vitimas;Pleno dia
882295;04/04/2011;Segunda;16:20:00;RJ;101;320.0;NITEROI;Outras;Colisao lateral;Sem Vitimas;Pleno dia
882566;01/04/2011;Sexta;15:40:00;RJ;101;321.0;NITEROI;Outras;Colisao traseira;Sem Vitimas;Pleno dia
882684;01/04/2011;Sexta;11:20:00;RJ;101;333.0;RIO DE JANEIRO;Outras;Colisao lateral;Sem Vitimas;Pleno dia
882717;01/04/2011;Sexta;17:30:00;RJ;101;332.0;NITEROI;Outras;Colisao traseira;Sem Vitimas;Pleno dia
882748;01/04/2011;Sexta;17:58:00;RJ;101;334.0;RIO DE JANEIRO;Outras;Colisao traseira;Sem Vitimas;Plena noite
882779;05/04/2011;Terca;17:40:00;RJ;101;324.0;NITEROI;Outras;Colisao traseira;Sem Vitimas;Pleno dia
882843;05/04/2011;Terca;19:00:00;RJ;101;300.0;SAO GONCALO;Outras;Colisao traseira;Sem Vitimas;Plena noite
882854;01/04/2011;Sexta;20:20:00;RJ;101;327.0;RIO DE JANEIRO;Falta de atencao;Colisao traseira;Sem Vitimas;Plena noite
882899;05/04/2011;Terca;20:00:00;RJ;101;321.0;NITEROI;Outras;Colisao traseira;Sem Vitimas;Plena noite
882982;05/04/2011;Terca;18:50:00;RJ;101;319.0;SAO GONCALO;Outras;Colisao traseira;Com Vitimas Feridas;Plena noite
883004;06/04/2011;Quarta;00:31:00;RJ;101;333.0;RIO DE JANEIRO;Desobediencia a sinalizacao;Colisao traseira;Sem Vitimas;Plena noite
883375;06/04/2011;Quarta;09:45:00;RJ;101;334.0;RIO DE JANEIRO;Nao guardar distancia de seguranca;Colisao traseira;Sem Vitimas;Pleno dia
883387;06/04/2011;Quarta;17:50:00;RJ;101;313.0;SAO GONCALO;Nao guardar distancia de seguranca;Colisao traseira;Com Vitimas Feridas;Anoitecer
883428;06/04/2011;Quarta;12:55:00;RJ;101;332.0;RIO DE JANEIRO;Falta de atencao;Colisao traseira;Sem Vitimas;Pleno dia
883638;07/04/2011;Quinta;07:10:00;RJ;101;327.5;RIO DE JANEIRO;Outras;Colisao traseira;Sem Vitimas;Pleno dia
883716;07/04/2011;Quinta;09:40:00;RJ;101;318.0;SAO GONCALO;Outras;Colisao lateral;Com Vitimas Feridas;Pleno dia
883733;07/04/2011;Quinta;11:00:00;RJ;101;322.1;RIO DE JANEIRO;Outras;Colisao lateral;Sem Vitimas;Pleno dia
883912;07/04/2011;Quinta;18:20:00;RJ;101;322.0;NITEROI;Outras;Colisao traseira;Sem Vitimas;Plena noite
884049;07/04/2011;Quinta;21:00:00;RJ;101;319.0;SAO GONCALO;Outras;Saida de Pista;Sem Vitimas;Plena noite
884057;05/04/2011;Terca;16:10:00;RJ;101;314.0;SAO GONCALO;Nao guardar distancia de seguranca;Colisao traseira;Sem Vitimas;Pleno dia
884287;05/04/2011;Terca;07:15:00;RJ;101;314.0;SAO GONCALO;Falta de atencao;Colisao traseira;Sem Vitimas;Pleno dia
884450;08/04/2011;Sexta;14:00:00;RJ;101;324.0;NITEROI;Outras;Colisao com objeto movel;Sem Vitimas;Plena noite
884497;08/04/2011;Sexta;15:30:00;RJ;101;323.0;NITEROI;Outras;Colisao lateral;Sem Vitimas;Pleno dia
884527;08/04/2011;Sexta;17:30:00;RJ;101;320.0;RIO DE JANEIRO;Outras;Colisao lateral;Sem Vitimas;Plena noite
884533;08/04/2011;Sexta;16:30:00;RJ;101;328.0;RIO DE JANEIRO;Outras;Colisao traseira;Sem Vitimas;Pleno dia
884612;08/04/2011;Sexta;20:30:00;RJ;101;320.0;NITEROI;Outras;Colisao traseira;Sem Vitimas;Plena noite
884637;08/04/2011;Sexta;21:00:00;RJ;101;334.0;RIO DE JANEIRO;Outras;Colisao com objeto movel;Sem Vitimas;Plena noite
884648;08/04/2011;Sexta;20:30:00;RJ;101;306.0;SAO GONCALO;Outras;Saida de Pista;Com Vitimas Feridas;Plena noite
884715;08/04/2011;Sexta;22:30:00;RJ;101;328.0;RIO DE JANEIRO;Outras;Colisao lateral;Sem Vitimas;Plena noite
884740;08/04/2011;Sexta;04:30:00;RJ;101;300.0;SAO GONCALO;Outras;Saida de Pista;Sem Vitimas;Plena noite
884838;09/04/2011;Sabado;06:40:00;RJ;101;323.0;NITEROI;Outras;Colisao traseira;Sem Vitimas;Amanhecer
884849;09/04/2011;Sabado;01:28:00;RJ;101;324.0;RIO DE JANEIRO;Outras;Colisao com objeto movel;Sem Vitimas;Plena noite
884892;09/04/2011;Sabado;07:45:00;RJ;101;319.0;SAO GONCALO;Outras;Saida de Pista;Com Vitimas Feridas;Pleno dia
885071;09/04/2011;Sabado;17:35:00;RJ;101;334.0;RIO DE JANEIRO;Outras;Colisao lateral;Sem Vitimas;Plena noite
885084;05/04/2011;Terca;07:35:00;RJ;101;310.0;SAO GONCALO;Nao guardar distancia de seguranca;Colisao traseira;Com Vitimas Feridas;Pleno dia
885133;09/04/2011;Sabado;20:00:00;RJ;101;315.0;SAO GONCALO;Outras;Saida de Pista;Sem Vitimas;Plena noite
885180;09/04/2011;Sabado;21:25:00;RJ;101;306.0;SAO GONCALO;Outras;Saida de Pista;Sem Vitimas;Plena noite
885200;09/04/2011;Sabado;16:20:00;RJ;101;322.0;NITEROI;Outras;Colisao lateral;Sem Vitimas;Pleno dia
885201;09/04/2011;Sabado;18:15:00;RJ;101;322.0;NITEROI;Outras;Colisao traseira;Sem Vitimas;Pleno dia
885419;06/04/2011;Quarta;22:55:00;RJ;101;321.0;NITEROI;Falta de atencao;Colisao traseira;Sem Vitimas;Plena noite
885425;06/04/2011;Quarta;17:30:00;RJ;101;310.0;SAO GONCALO;Outras;Colisao traseira;Sem Vitimas;Pleno dia
886188;11/04/2011;Segunda;19:40:00;RJ;101;334.0;RIO DE JANEIRO;Outras;Colisao lateral;Sem Vitimas;Plena noite
886360;08/04/2011;Sexta;17:30:00;RJ;101;328.0;RIO DE JANEIRO;Outras;Colisao traseira;Sem Vitimas;Pleno dia
886373;11/04/2011;Segunda;17:00:00;RJ;101;312.0;SAO GONCALO;Nao guardar distancia de seguranca;Colisao traseira;Sem Vitimas;Pleno dia
886374;08/04/2011;Sexta;17:55:00;RJ;101;325.0;NITEROI;Outras;Colisao traseira;Sem Vitimas;Pleno dia
886395;12/04/2011;Terca;07:40:00;RJ;101;326.0;NITEROI;Outras;Colisao traseira;Com Vitimas Feridas;Pleno dia
886573;12/04/2011;Terca;13:35:00;RJ;101;317.0;SAO GONCALO;Outras;Saida de Pista;Sem Vitimas;Pleno dia
886638;12/04/2011;Terca;07:10:00;RJ;101;313.0;SAO GONCALO;Outras;Colisao traseira;Sem Vitimas;Pleno dia
886643;12/04/2011;Terca;17:00:00;RJ;101;320.0;NITEROI;Outras;Colisao com objeto fixo;Sem Vitimas;Anoitecer
886667;12/04/2011;Terca;08:41:00;RJ;101;313.0;SAO GONCALO;Outras;Colisao lateral;Com Vitimas Feridas;Pleno dia
886791;12/04/2011;Terca;22:00:00;RJ;101;300.0;SAO GONCALO;Outras;Colisao traseira;Sem Vitimas;Plena noite
886802;12/04/2011;Terca;19:50:00;RJ;101;315.0;SAO GONCALO;Outras;Queda de motocicleta / bicicleta / veiculo;Com Vitimas Feridas;Plena noite
886845;12/04/2011;Terca;23:28:00;RJ;101;330.0;RIO DE JANEIRO;Outras;Colisao lateral;Sem Vitimas;Plena noite
886908;13/04/2011;Quarta;07:00:00;RJ;101;306.0;SAO GONCALO;Outras;Colisao traseira;Sem Vitimas;Amanhecer
887044;13/04/2011;Quarta;10:43:00;RJ;101;325.0;NITEROI;Outras;Colisao com objeto fixo;Sem Vitimas;Pleno dia
887072;13/04/2011;Quarta;07:55:00;RJ;101;324.0;NITEROI;Outras;Colisao lateral;Com Vitimas Feridas;Pleno dia
887146;13/04/2011;Quarta;10:40:00;RJ;101;326.0;NITEROI;Defeito mecanico em veiculo;Colisao com objeto movel;Com Vitimas Feridas;Pleno dia
887168;13/04/2011;Quarta;16:20:00;RJ;101;333.0;RIO DE JANEIRO;Outras;Colisao lateral;Sem Vitimas;Pleno dia
887197;13/04/2011;Quarta;08:05:00;RJ;101;320.0;NITEROI;Outras;Colisao traseira;Sem Vitimas;Pleno dia
887264;13/04/2011;Quarta;15:00:00;RJ;101;327.0;NITEROI;Outras;Colisao traseira;Com Vitimas Fatais;Pleno dia
887339;13/04/2011;Quarta;08:00:00;RJ;101;318.0;SAO GONCALO;Falta de atencao;Colisao traseira;Com Vitimas Feridas;Pleno dia
887351;13/04/2011;Quarta;20:20:00;RJ;101;301.0;SAO GONCALO;Falta de atencao;Atropelamento de pessoa;Com Vitimas Feridas;Plena noite
887355;13/04/2011;Quarta;18:10:00;RJ;101;322.0;NITEROI;Outras;Colisao traseira;Sem Vitimas;Pleno dia
887358;13/04/2011;Quarta;19:14:00;RJ;101;334.0;RIO DE JANEIRO;Outras;Colisao traseira;Sem Vitimas;Plena noite
887533;14/04/2011;Quinta;10:15:00;RJ;101;321.5;NITEROI;Outras;Colisao traseira;Sem Vitimas;Pleno dia
887595;14/04/2011;Quinta;08:08:00;RJ;101;320.0;NITEROI;Nao guardar distancia de seguranca;Colisao traseira;Sem Vitimas;Pleno dia
887681;06/04/2011;Quarta;22:00:00;RJ;101;316.0;SAO GONCALO;Outras;Colisao traseira;Sem Vitimas;Plena noite
887708;14/04/2011;Quinta;09:00:00;RJ;101;316.0;SAO GONCALO;Outras;Colisao traseira;Com Vitimas Feridas;Pleno dia
887718;14/04/2011;Quinta;08:20:00;RJ;101;314.0;SAO GONCALO;Falta de atencao;Colisao traseira;Com Vitimas Feridas;Pleno dia
887722;14/04/2011;Quinta;10:10:00;RJ;101;322.0;NITEROI;Outras;Colisao traseira;Sem Vitimas;Pleno dia
887743;14/04/2011;Quinta;15:40:00;RJ;101;303.0;SAO GONCALO;Outras;Saida de Pista;Sem Vitimas;Pleno dia
887790;14/04/2011;Quinta;18:30:00;RJ;101;326.0;NITEROI;Outras;Colisao traseira;Sem Vitimas;Plena noite
887889;14/04/2011;Quinta;17:00:00;RJ;101;334.0;NITEROI;Defeito mecanico em veiculo;Colisao com objeto movel;Sem Vitimas;Pleno dia
887936;14/04/2011;Quinta;21:45:00;RJ;101;326.0;NITEROI;Outras;Colisao traseira;Sem Vitimas;Plena noite
888006;11/04/2011;Segunda;20:00:00;RJ;101;319.0;NITEROI;Falta de atencao;Colisao traseira;Sem Vitimas;Plena noite
888451;15/04/2011;Sexta;22:30:00;RJ;101;320.0;SAO GONCALO;Outras;Colisao com objeto fixo;Sem Vitimas;Plena noite
888457;15/04/2011;Sexta;18:20:00;RJ;101;325.0;NITEROI;Outras;Colisao traseira;Sem Vitimas;Plena noite
888471;15/04/2011;Sexta;22:00:00;RJ;101;334.0;RIO DE JANEIRO;Outras;Colisao traseira;Sem Vitimas;Plena noite
888508;16/04/2011;Sabado;01:00:00;RJ;101;305.0;SAO GONCALO;Outras;Saida de Pista;Sem Vitimas;Plena noite
888549;16/04/2011;Sabado;03:50:00;RJ;101;299.5;SAO GONCALO;Outras;Capotamento;Com Vitimas Feridas;Plena noite
888558;16/04/2011;Sabado;04:55:00;RJ;101;326.0;NITEROI;Outras;Colisao lateral;Com Vitimas Feridas;Plena noite
888630;16/04/2011;Sabado;08:35:00;RJ;101;320.0;NITEROI;Outras;Colisao lateral;Com Vitimas Feridas;Pleno dia
888642;14/04/2011;Quinta;21:20:00;RJ;101;324.0;RIO DE JANEIRO;Nao guardar distancia de seguranca;Colisao lateral;Sem Vitimas;Plena noite
888688;16/04/2011;Sabado;11:50:00;RJ;101;334.0;RIO DE JANEIRO;Outras;Colisao lateral;Sem Vitimas;Pleno dia
888725;16/04/2011;Sabado;13:00:00;RJ;101;322.0;NITEROI;Outras;Colisao traseira;Com Vitimas Feridas;Pleno dia
888741;16/04/2011;Sabado;14:00:00;RJ;101;328.0;NITEROI;Nao guardar distancia de seguranca;Colisao traseira;Com Vitimas Feridas;Pleno dia
888976;17/04/2011;Domingo;02:20:00;RJ;101;322.0;NITEROI;Outras;Colisao com objeto movel;Sem Vitimas;Plena noite
888994;16/04/2011;Sabado;20:00:00;RJ;101;322.0;NITEROI;Outras;Colisao com objeto movel;Sem Vitimas;Plena noite
889272;15/04/2011;Sexta;14:00:00;RJ;101;319.0;NITEROI;Nao guardar distancia de seguranca;Colisao traseira;Sem Vitimas;Pleno dia
889287;17/04/2011;Domingo;19:20:00;RJ;101;322.0;NITEROI;Outras;Colisao traseira;Sem Vitimas;Plena noite
889410;18/04/2011;Segunda;01:30:00;RJ;101;306.0;SAO GONCALO;Ingestao de alcool;Colisao com objeto fixo;Sem Vitimas;Plena noite
889482;18/04/2011;Segunda;06:40:00;RJ;101;309.0;SAO GONCALO;Outras;Saida de Pista;Sem Vitimas;Pleno dia
889483;18/04/2011;Segunda;06:40:00;RJ;101;309.0;SAO GONCALO;Outras;Colisao traseira;Sem Vitimas;Pleno dia
889580;18/04/2011;Segunda;06:40:00;RJ;101;310.0;SAO GONCALO;Outras;Colisao traseira;Com Vitimas Feridas;Pleno dia
889583;18/04/2011;Segunda;09:30:00;RJ;101;328.0;RIO DE JANEIRO;Nao guardar distancia de seguranca;Colisao traseira;Sem Vitimas;Pleno dia
889665;15/04/2011;Sexta;07:00:00;RJ;101;325.0;NITEROI;Falta de atencao;Colisao traseira;Sem Vitimas;Amanhecer
889669;15/04/2011;Sexta;06:00:00;RJ;101;325.0;RIO DE JANEIRO;Defeito mecanico em veiculo;Colisao lateral;Com Vitimas Feridas;Amanhecer
889753;18/04/2011;Segunda;16:25:00;RJ;101;311.0;SAO GONCALO;Outras;Colisao traseira;Sem Vitimas;Pleno dia
889819;18/04/2011;Segunda;18:10:00;RJ;101;320.0;NITEROI;Nao guardar distancia de seguranca;Colisao traseira;Sem Vitimas;Anoitecer
889867;18/04/2011;Segunda;20:00:00;RJ;101;318.0;SAO GONCALO;Outras;Colisao lateral;Sem Vitimas;Plena noite
889935;18/04/2011;Segunda;09:00:00;RJ;101;332.0;RIO DE JANEIRO;Outras;Colisao lateral;Sem Vitimas;Pleno dia
890005;19/04/2011;Terca;06:10:00;RJ;101;321.8;NITEROI;Outras;Colisao traseira;Sem Vitimas;Amanhecer
890038;19/04/2011;Terca;08:15:00;RJ;101;324.8;NITEROI;Outras;Colisao traseira;Sem Vitimas;Pleno dia
890060;19/04/2011;Terca;08:40:00;RJ;101;320.0;NITEROI;Outras;Colisao traseira;Sem Vitimas;Pleno dia
890087;18/04/2011;Segunda;20:00:00;RJ;101;330.0;RIO DE JANEIRO;Falta de atencao;Colisao lateral;Sem Vitimas;Plena noite
890177;19/04/2011;Terca;13:50:00;RJ;101;322.0;NITEROI;Outras;Colisao lateral;Sem Vitimas;Pleno dia
892472;20/04/2011;Quarta;09:04:00;RJ;101;327.0;RIO DE JANEIRO;Outras;Colisao com objeto fixo;Sem Vitimas;Pleno dia
892578;20/04/2011;Quarta;09:00:00;RJ;101;321.0;NITEROI;Outras;Queda de motocicleta / bicicleta / veiculo;Com Vitimas Feridas;Pleno dia
892646;20/04/2011;Quarta;14:00:00;RJ;101;322.0;RIO DE JANEIRO;Outras;Colisao com objeto movel;Sem Vitimas;Plena noite
892746;20/04/2011;Quarta;16:30:00;RJ;101;308.0;SAO GONCALO;Outras;Colisao traseira;Sem Vitimas;Pleno dia
892760;20/04/2011;Quarta;16:40:00;RJ;101;322.5;NITEROI;Outras;Colisao lateral;Sem Vitimas;Plena noite
892775;20/04/2011;Quarta;16:10:00;RJ;101;308.0;SAO GONCALO;Nao guardar distancia de seguranca;Capotamento;Com Vitimas Feridas;Pleno dia
892931;20/04/2011;Quarta;21:20:00;RJ;101;321.0;NITEROI;Outras;Queda de motocicleta / bicicleta / veiculo;Com Vitimas Feridas;Plena noite
893008;20/04/2011;Quarta;23:30:00;RJ;101;334.0;RIO DE JANEIRO;Outras;Colisao lateral;Sem Vitimas;Plena noite
893117;21/04/2011;Quinta;05:00:00;RJ;101;324.0;RIO DE JANEIRO;Outras;Colisao lateral;Sem Vitimas;Amanhecer
893123;18/04/2011;Segunda;10:30:00;RJ;101;333.9;RIO DE JANEIRO;Outras;Colisao traseira;Sem Vitimas;Pleno dia
893136;19/04/2011;Terca;23:50:00;RJ;101;307.9;SAO GONCALO;Outras;Colisao traseira;Com Vitimas Feridas;Plena noite
893144;18/04/2011;Segunda;11:50:00;RJ;101;323.0;NITEROI;Outras;Colisao lateral;Sem Vitimas;Pleno dia
893166;18/04/2011;Segunda;18:45:00;RJ;101;329.5;RIO DE JANEIRO;Outras;Colisao traseira;Com Vitimas Feridas;Anoitecer
893171;21/04/2011;Quinta;07:30:00;RJ;101;329.0;NITEROI;Falta de atencao;Colisao traseira;Sem Vitimas;Pleno dia
893221;21/04/2011;Quinta;08:30:00;RJ;101;329.0;NITEROI;Falta de atencao;Colisao traseira;Sem Vitimas;Pleno dia
893295;21/04/2011;Quinta;06:50:00;RJ;101;332.0;RIO DE JANEIRO;Outras;Colisao traseira;Sem Vitimas;Amanhecer
893313;21/04/2011;Quinta;07:31:00;RJ;101;309.0;SAO GONCALO;Outras;Colisao traseira;Sem Vitimas;Pleno dia
893374;21/04/2011;Quinta;12:00:00;RJ;101;309.0;SAO GONCALO;Falta de atencao;Colisao traseira;Sem Vitimas;Pleno dia
893421;21/04/2011;Quinta;12:45:00;RJ;101;331.0;NITEROI;Falta de atencao;Colisao lateral;Com Vitimas Feridas;Pleno dia
893443;21/04/2011;Quinta;09:58:00;RJ;101;319.0;SAO GONCALO;Outras;Colisao traseira;Sem Vitimas;Pleno dia
893445;21/04/2011;Quinta;13:00:00;RJ;101;330.0;RIO DE JANEIRO;Outras;Colisao traseira;Sem Vitimas;Pleno dia
893472;20/04/2011;Quarta;21:10:00;RJ;101;305.0;SAO GONCALO;Outras;Atropelamento de pessoa;Com Vitimas Feridas;Plena noite
893547;21/04/2011;Quinta;13:25:00;RJ;101;331.0;RIO DE JANEIRO;Outras;Colisao traseira;Sem Vitimas;Pleno dia
893564;21/04/2011;Quinta;16:05:00;RJ;101;326.0;NITEROI;Outras;Colisao lateral;Sem Vitimas;Pleno dia
893613;21/04/2011;Quinta;17:20:00;RJ;101;322.0;NITEROI;Outras;Colisao traseira;Sem Vitimas;Anoitecer
894012;19/04/2011;Terca;02:30:00;RJ;101;309.0;SAO GONCALO;Outras;Colisao com objeto movel;Sem Vitimas;Plena noite
894048;18/04/2011;Segunda;09:40:00;RJ;101;322.0;NITEROI;Outras;Colisao lateral;Sem Vitimas;Pleno dia
894052;19/04/2011;Terca;18:50:00;RJ;101;330.2;RIO DE JANEIRO;Outras;Colisao lateral;Sem Vitimas;Plena noite
894394;22/04/2011;Sexta;22:30:00;RJ;101;319.0;NITEROI;Outras;Colisao lateral;Sem Vitimas;Plena noite
894462;23/04/2011;Sabado;06:00:00;RJ;101;322.0;NITEROI;Outras;Colisao lateral;Sem Vitimas;Amanhecer
894466;19/04/2011;Terca;17:43:00;RJ;101;318.0;SAO GONCALO;Falta de atencao;Colisao traseira;Sem Vitimas;Plena noite
894476;23/04/2011;Sabado;06:10:00;RJ;101;334.0;RIO DE JANEIRO;Outras;Colisao lateral;Sem Vitimas;Amanhecer
894482;23/04/2011;Sabado;04:50:00;RJ;101;334.0;NITEROI;Outras;Colisao com objeto fixo;Com Vitimas Feridas;Plena noite
894967;17/04/2011;Domingo;22:00:00;RJ;101;313.0;SAO GONCALO;Animais na Pista;Atropelamento de animal;Sem Vitimas;Plena noite
895347;24/04/2011;Domingo;14:30:00;RJ;101;324.0;NITEROI;Outras;Colisao com objeto movel;Sem Vitimas;Pleno dia
895404;24/04/2011;Domingo;16:00:00;RJ;101;323.0;NITEROI;Outras;Colisao com objeto movel;Sem Vitimas;Anoitecer
895473;24/04/2011;Domingo;17:33:00;RJ;101;322.0;NITEROI;Outras;Colisao Transversal;Sem Vitimas;Plena noite
895491;24/04/2011;Domingo;18:00:00;RJ;101;323.0;NITEROI;Outras;Colisao com objeto movel;Sem Vitimas;Anoitecer
895558;24/04/2011;Domingo;18:17:00;RJ;101;330.0;NITEROI;Outras;Colisao com objeto fixo;Sem Vitimas;Plena noite
895620;24/04/2011;Domingo;21:23:00;RJ;101;333.0;RIO DE JANEIRO;Outras;Colisao traseira;Sem Vitimas;Plena noite
895697;24/04/2011;Domingo;22:20:00;RJ;101;330.0;SAO GONCALO;Outras;Colisao traseira;Sem Vitimas;Plena noite
895847;25/04/2011;Segunda;05:40:00;RJ;101;319.0;NITEROI;Outras;Colisao traseira;Sem Vitimas;Pleno dia
895915;25/04/2011;Segunda;08:07:00;RJ;101;334.0;RIO DE JANEIRO;Falta de atencao;Colisao traseira;Sem Vitimas;Pleno dia
895980;25/04/2011;Segunda;09:30:00;RJ;101;318.0;SAO GONCALO;Outras;Colisao traseira;Sem Vitimas;Pleno dia
896049;25/04/2011;Segunda;08:30:00;RJ;101;330.0;RIO DE JANEIRO;Outras;Colisao traseira;Sem Vitimas;Pleno dia
896137;21/04/2011;Quinta;21:40:00;RJ;101;304.0;SAO GONCALO;Desobediencia a sinalizacao;Colisao frontal;Com Vitimas Feridas;Plena noite
896158;25/04/2011;Segunda;07:00:00;RJ;101;316.0;SAO GONCALO;Falta de atencao;Colisao traseira;Com Vitimas Feridas;Pleno dia
896245;25/04/2011;Segunda;13:10:00;RJ;101;319.0;SAO GONCALO;Outras;Colisao traseira;Sem Vitimas;Pleno dia
896253;25/04/2011;Segunda;13:20:00;RJ;101;319.0;NITEROI;Outras;Colisao traseira;Sem Vitimas;Pleno dia
896474;25/04/2011;Segunda;22:05:00;RJ;101;322.0;NITEROI;Outras;Colisao com objeto fixo;Sem Vitimas;Plena noite
896583;26/04/2011;Terca;02:30:00;RJ;101;322.0;NITEROI;Outras;Colisao com objeto fixo;Sem Vitimas;Plena noite
896687;26/04/2011;Terca;06:40:00;RJ;101;319.0;SAO GONCALO;Outras;Colisao traseira;Sem Vitimas;Pleno dia