id;data_inversa;dia_semana;horario;uf;br;km;municipio;causa_acidente;tipo_acidente;classificacao_acidente;fase_dia
896705;18/04/2011;Segunda;06:35:00;RJ;101;303.0;SAO GONCALO;Outras;Colisao lateral;Sem Vitimas;Pleno dia
896989;26/04/2011;Terca;17:10:00;RJ;101;331.0;RIO DE JANEIRO;Falta de atencao;Colisao traseira;Sem Vitimas;Anoitecer
897105;26/04/2011;Terca;20:40:00;RJ;101;320.0;NITEROI;Outras;Colisao lateral;Sem Vitimas;Plena noite
897110;26/04/2011;Terca;21:00:00;RJ;101;302.0;SAO GONCALO;Outras;Atropelamento de pessoa;Com Vitimas Fatais;Plena noite
897252;19/04/2011;Terca;20:10:00;RJ;101;322.0;NITEROI;Outras;Colisao traseira;Sem Vitimas;Plena noite
897255;27/04/2011;Quarta;07:30:00;RJ;101;327.0;RIO DE JANEIRO;Outras;Colisao traseira;Sem Vitimas;Pleno dia
897322;27/04/2011;Quarta;10:30:00;RJ;101;307.0;SAO GONCALO;Falta de atencao;Colisao traseira;Sem Vitimas;Pleno dia
897344;27/04/2011;Quarta;08:10:00;RJ;101;310.0;SAO GONCALO;Outras;Atropelamento de pessoa;Com Vitimas Fatais;Pleno dia
897350;27/04/2011;Quarta;11:20:00;RJ;101;308.0;SAO GONCALO;Nao guardar distancia de seguranca;Colisao traseira;Sem Vitimas;Pleno dia
897513;25/04/2011;Segunda;22:30:00;RJ;101;333.3;RIO DE JANEIRO;Outras;Colisao lateral;Sem Vitimas;Plena noite
897555;25/04/2011;Segunda;07:20:00;RJ;101;309.0;SAO GONCALO;Nao guardar distancia de seguranca;Colisao traseira;Sem Vitimas;Pleno dia
897596;25/04/2011;Segunda;08:40:00;RJ;101;318.0;SAO GONCALO;Falta de atencao;Colisao lateral;Com Vitimas Feridas;Pleno dia
897784;28/04/2011;Quinta;06:45:00;RJ;101;322.0;NITEROI;Outras;Colisao Transversal;Com Vitimas Feridas;Pleno dia
897942;24/04/2011;Domingo;23:40:00;RJ;101;303.0;SAO GONCALO;Outras;Capotamento;Com Vitimas Feridas;Plena noite
898159;28/04/2011;Quinta;22:00:00;RJ;101;321.0;NITEROI;Outras;Colisao com objeto movel;Sem Vitimas;Plena noite
898468;28/04/2011;Quinta;19:30:00;RJ;101;316.0;SAO GONCALO;Outras;Saida de Pista;Sem Vitimas;Plena noite
898505;29/04/2011;Sexta;14:40:00;RJ;101;322.0;NITEROI;Outras;Colisao traseira;Sem Vitimas;Pleno dia
898567;29/04/2011;Sexta;16:30:00;RJ;101;321.0;NITEROI;Falta de atencao;Colisao traseira;Sem Vitimas;Pleno dia
898670;29/04/2011;Sexta;19:37:00;RJ;101;322.0;NITEROI;Falta de atencao;Colisao traseira;Com Vitimas Feridas;Plena noite
898736;29/04/2011;Sexta;19:00:00;RJ;101;322.0;NITEROI;Falta de atencao;Colisao lateral;Sem Vitimas;Plena noite
898889;30/04/2011;Sabado;05:40:00;RJ;101;328.0;RIO DE JANEIRO;Outras;Capotamento;Sem Vitimas;Amanhecer
898913;30/04/2011;Sabado;08:00:00;RJ;101;322.0;NITEROI;Outras;Colisao traseira;Sem Vitimas;Pleno dia
898969;30/04/2011;Sabado;10:00:00;RJ;101;321.0;NITEROI;Defeito na via;Colisao lateral;Sem Vitimas;Pleno dia
899009;30/04/2011;Sabado;13:00:00;RJ;101;319.0;SAO GONCALO;Dormindo;Colisao lateral;Com Vitimas Feridas;Pleno dia
899496;01/05/2011;Domingo;16:50:00;RJ;101;323.0;NITEROI;Outras;Colisao lateral;Sem Vitimas;Pleno dia
899564;01/05/2011;Domingo;19:50:00;RJ;101;327.1;NITEROI;Outras;Colisao lateral;Sem Vitimas;Plena noite
899981;29/04/2011;Sexta;16:00:00;RJ;101;310.0;SAO GONCALO;Outras;Colisao traseira;Sem Vitimas;Pleno dia
899990;02/05/2011;Segunda;06:20:00;RJ;101;310.0;SAO GONCALO;Outras;Colisao lateral;Sem Vitimas;Pleno dia
900158;02/05/2011;Segunda;18:00:00;RJ;101;311.0;SAO GONCALO;Outras;Atropelamento de pessoa;Com Vitimas Fatais;Plena noite
900265;03/05/2011;Terca;06:08:00;RJ;101;318.0;SAO GONCALO;Falta de atencao;Colisao traseira;Sem Vitimas;Pleno dia
900307;06/01/2011;Quinta;15:45:00;RJ;101;329.5;NITEROI;Nao guardar distancia de seguranca;Colisao lateral;Sem Vitimas;Pleno dia
900362;03/05/2011;Terca;09:20:00;RJ;101;322.0;NITEROI;Nao guardar distancia de seguranca;Colisao traseira;Com Vitimas Feridas;Pleno dia
900521;03/05/2011;Terca;14:20:00;RJ;101;321.0;NITEROI;Outras;Colisao traseira;Sem Vitimas;Pleno dia
900625;03/05/2011;Terca;17:45:00;RJ;101;322.0;NITEROI;Nao guardar distancia de seguranca;Colisao lateral;Sem Vitimas;Plena noite
900707;29/04/2011;Sexta;22:10:00;RJ;101;322.0;NITEROI;Nao guardar distancia de seguranca;Colisao traseira;Sem Vitimas;Plena noite
900870;04/05/2011;Quarta;02:45:00;RJ;101;323.0;NITEROI;Outras;Colisao lateral;Com Vitimas Feridas;Plena noite
900971;03/05/2011;Terca;07:15:00;RJ;101;316.0;SAO GONCALO;Outras;Colisao traseira;Sem Vitimas;Pleno dia
901035;29/04/2011;Sexta;17:11:00;RJ;101;322.0;NITEROI;Outras;Colisao traseira;Sem Vitimas;Pleno dia
901038;29/04/2011;Sexta;16:30:00;RJ;101;322.0;NITEROI;Falta de atencao;Colisao com objeto fixo;Sem Vitimas;Pleno dia
901081;04/05/2011;Quarta;12:50:00;RJ;101;333.0;RIO DE JANEIRO;Velocidade incompativel;Tombamento;Sem Vitimas;Pleno dia
901085;04/05/2011;Quarta;10:20:00;RJ;101;322.0;NITEROI;Outras;Colisao lateral;Sem Vitimas;Pleno dia
901324;04/05/2011;Quarta;20:00:00;RJ;101;322.0;NITEROI;Outras;Colisao traseira;Sem Vitimas;Plena noite
901401;05/05/2011;Quinta;01:40:00;RJ;101;333.0;RIO DE JANEIRO;Nao guardar distancia de seguranca;Colisao traseira;Sem Vitimas;Plena noite
901438;02/05/2011;Segunda;00:11:00;RJ;101;318.0;NITEROI;Outras;Colisao com objeto fixo;Sem Vitimas;Plena noite
901446;15/04/2011;Sexta;09:20:00;RJ;101;329.0;RIO DE JANEIRO;Outras;Queda de motocicleta / bicicleta / veiculo;Sem Vitimas;Pleno dia
901534;05/05/2011;Quinta;02:23:00;RJ;101;322.0;NITEROI;Ingestao de alcool;Colisao lateral;Sem Vitimas;Plena noite
901775;06/05/2011;Sexta;06:50:00;RJ;101;333.0;RIO DE JANEIRO;Outras;Colisao traseira;Com Vitimas Feridas;Pleno dia
901804;05/05/2011;Quinta;18:25:00;RJ;101;323.0;NITEROI;Defeito mecanico em veiculo;Colisao com objeto movel;Com Vitimas Feridas;Plena noite
901806;05/05/2011;Quinta;12:00:00;RJ;101;324.0;NITEROI;Falta de atencao;Colisao lateral;Sem Vitimas;Pleno dia
901851;06/05/2011;Sexta;07:00:00;RJ;101;316.0;SAO GONCALO;Outras;Saida de Pista;Sem Vitimas;Pleno dia
901864;06/05/2011;Sexta;11:30:00;RJ;101;334.0;RIO DE JANEIRO;Outras;Colisao traseira;Sem Vitimas;Pleno dia
901879;06/05/2011;Sexta;13:30:00;RJ;101;319.0;SAO GONCALO;Outras;Colisao traseira;Sem Vitimas;Pleno dia
901925;06/05/2011;Sexta;12:20:00;RJ;101;300.0;SAO GONCALO;Outras;Colisao lateral;Sem Vitimas;Pleno dia
902045;06/05/2011;Sexta;04:30:00;RJ;101;309.0;SAO GONCALO;Outras;Colisao lateral;Com Vitimas Feridas;Plena noite
902059;06/05/2011;Sexta;18:10:00;RJ;101;328.0;RIO DE JANEIRO;Outras;Colisao lateral;Sem Vitimas;Plena noite
902088;06/05/2011;Sexta;19:50:00;RJ;101;322.0;NITEROI;Outras;Colisao lateral;Sem Vitimas;Plena noite
902134;06/05/2011;Sexta;19:40:00;RJ;101;321.0;NITEROI;Outras;Colisao traseira;Sem Vitimas;Plena noite
902257;06/05/2011;Sexta;23:40:00;RJ;101;331.0;RIO DE JANEIRO;Outras;Colisao lateral;Sem Vitimas;Plena noite
902399;07/05/2011;Sabado;04:30:00;RJ;101;329.0;RIO DE JANEIRO;Outras;Capotamento;Com Vitimas Fatais;Plena noite
902410;07/05/2011;Sabado;07:40:00;RJ;101;328.0;NITEROI;Nao guardar distancia de seguranca;Colisao traseira;Sem Vitimas;Pleno dia
902565;05/05/2011;Quinta;18:30:00;RJ;101;322.0;NITEROI;Outras;Colisao lateral;Sem Vitimas;Plena noite
902574;07/05/2011;Sabado;14:50:00;RJ;101;322.0;NITEROI;Nao guardar distancia de seguranca;Colisao traseira;Sem Vitimas;Pleno dia
902576;07/05/2011;Sabado;10:15:00;RJ;101;322.0;NITEROI;Outras;Colisao traseira;Sem Vitimas;Pleno dia
902578;07/05/2011;Sabado;12:35:00;RJ;101;327.0;NITEROI;Outras;Colisao lateral;Sem Vitimas;Pleno dia
902668;07/05/2011;Sabado;16:45:00;RJ;101;331.0;RIO DE JANEIRO;Outras;Colisao traseira;Sem Vitimas;Pleno dia
902728;07/05/2011;Sabado;19:45:00;RJ;101;322.0;NITEROI;Outras;Colisao lateral;Sem Vitimas;Plena noite
902779;07/05/2011;Sabado;20:50:00;RJ;101;330.0;RIO DE JANEIRO;Outras;Colisao lateral;Sem Vitimas;Plena noite
902858;08/05/2011;Domingo;00:15:00;RJ;101;321.0;NITEROI;Outras;Colisao lateral;Sem Vitimas;Plena noite
902927;08/05/2011;Domingo;04:50:00;RJ;101;312.0;SAO GONCALO;Dormindo;Saida de Pista;Sem Vitimas;Plena noite
902944;08/05/2011;Domingo;05:30:00;RJ;101;321.0;NITEROI;Outras;Saida de Pista;Sem Vitimas;Amanhecer
903018;08/05/2011;Domingo;01:20:00;RJ;101;307.0;SAO GONCALO;Outras;Colisao traseira;Sem Vitimas;Plena noite
903075;08/05/2011;Domingo;06:00:00;RJ;101;334.0;RIO DE JANEIRO;Outras;Colisao com objeto fixo;Com Vitimas Feridas;Amanhecer
903085;08/05/2011;Domingo;06:25:00;RJ;101;329.0;NITEROI;Outras;Capotamento;Com Vitimas Feridas;Pleno dia
903241;08/05/2011;Domingo;18:40:00;RJ;101;319.0;SAO GONCALO;Outras;Colisao lateral;Com Vitimas Feridas;Plena noite
903281;08/05/2011;Domingo;19:45:00;RJ;101;333.0;RIO DE JANEIRO;Nao guardar distancia de seguranca;Colisao traseira;Sem Vitimas;Plena noite
903352;08/05/2011;Domingo;21:10:00;RJ;101;299.0;SAO GONCALO;Outras;Atropelamento de pessoa;Com Vitimas Fatais;Plena noite
903474;05/05/2011;Quinta;18:40:00;RJ;101;322.0;NITEROI;Outras;Colisao traseira;Sem Vitimas;Plena noite
903624;05/05/2011;Quinta;18:30:00;RJ;101;321.0;NITEROI;Outras;Colisao traseira;Sem Vitimas;Anoitecer
903756;07/05/2011;Sabado;14:45:00;RJ;101;309.0;SAO GONCALO;Defeito mecanico em veiculo;Queda de motocicleta / bicicleta / veiculo;Com Vitimas Feridas;Pleno dia
903772;09/05/2011;Segunda;16:00:00;RJ;101;306.0;SAO GONCALO;Nao guardar distancia de seguranca;Colisao traseira;Sem Vitimas;Pleno dia
903801;05/05/2011;Quinta;07:15:00;RJ;101;318.0;NITEROI;Outras;Queda de motocicleta / bicicleta / veiculo;Com Vitimas Feridas;Pleno dia
903819;09/05/2011;Segunda;08:38:00;RJ;101;320.0;NITEROI;Outras;Colisao lateral;Sem Vitimas;Pleno dia
903830;09/05/2011;Segunda;17:10:00;RJ;101;322.0;NITEROI;Outras;Colisao traseira;Sem Vitimas;Anoitecer
903870;09/05/2011;Segunda;11:30:00;RJ;101;323.0;NITEROI;Outras;Colisao lateral;Sem Vitimas;Pleno dia
903949;09/05/2011;Segunda;16:52:00;RJ;101;322.0;NITEROI;Outras;Colisao traseira;Com Vitimas Feridas;Pleno dia
904008;09/05/2011;Segunda;16:33:00;RJ;101;313.0;SAO GONCALO;Outras;Saida de Pista;Sem Vitimas;Pleno dia
904029;10/03/2011;Quinta;08:05:00;RJ;101;307.0;SAO GONCALO;Falta de atencao;Colisao traseira;Sem Vitimas;Pleno dia
904067;09/05/2011;Segunda;18:00:00;RJ;101;321.0;NITEROI;Nao guardar distancia de seguranca;Colisao traseira;Sem Vitimas;Anoitecer
904081;09/05/2011;Segunda;13:00:00;RJ;101;306.0;SAO GONCALO;Nao guardar distancia de seguranca;Colisao traseira;Com Vitimas Feridas;Pleno dia
904168;10/05/2011;Terca;05:50:00;RJ;101;330.0;NITEROI;Outras;Colisao traseira;Com Vitimas Feridas;Amanhecer
904190;09/05/2011;Segunda;05:00:00;RJ;101;321.0;NITEROI;Velocidade incompativel;Colisao com objeto fixo;Com Vitimas Feridas;Amanhecer
904304;06/05/2011;Sexta;21:30:00;RJ;101;322.0;NITEROI;Outras;Colisao traseira;Com Vitimas Feridas;Plena noite
904338;10/05/2011;Terca;13:20:00;RJ;101;333.0;RIO DE JANEIRO;Outras;Colisao traseira;Sem Vitimas;Pleno dia
904371;10/05/2011;Terca;14:40:00;RJ;101;322.0;NITEROI;Outras;Colisao traseira;Sem Vitimas;Pleno dia
904394;10/05/2011;Terca;14:35:00;RJ;101;322.0;NITEROI;Outras;Colisao lateral;Sem Vitimas;Pleno dia
904528;10/05/2011;Terca;18:00:00;RJ;101;321.0;NITEROI;Outras;Colisao traseira;Sem Vitimas;Plena noite
904606;10/05/2011;Terca;19:15:00;RJ;101;322.0;NITEROI;Outras;Colisao lateral;Sem Vitimas;Plena noite
904713;10/05/2011;Terca;22:45:00;RJ;101;334.0;RIO DE JANEIRO;Outras;Colisao traseira;Sem Vitimas;Plena noite
904823;11/05/2011;Quarta;08:14:00;RJ;101;322.0;NITEROI;Outras;Colisao com objeto fixo;Sem Vitimas;Pleno dia
904836;11/05/2011;Quarta;06:15:00;RJ;101;306.0;SAO GONCALO;Outras;Colisao com objeto movel;Sem Vitimas;Pleno dia
905240;11/05/2011;Quarta;19:55:00;RJ;101;321.0;NITEROI;Outras;Atropelamento de pessoa;Com Vitimas Feridas;Anoitecer
905329;09/05/2011;Segunda;03:45:00;RJ;101;329.0;RIO DE JANEIRO;Outras;Queda de motocicleta / bicicleta / veiculo;Com Vitimas Fatais;Plena noite
905343;11/05/2011;Quarta;08:00:00;RJ;101;313.0;SAO GONCALO;Nao guardar distancia de seguranca;Colisao traseira;Sem Vitimas;Pleno dia
905408;09/05/2011;Segunda;03:30:00;RJ;101;322.0;NITEROI;Outras;Colisao com objeto fixo;Sem Vitimas;Plena noite
905477;12/05/2011;Quinta;09:25:00;RJ;101;333.0;RIO DE JANEIRO;Outras;Colisao traseira;Sem Vitimas;Pleno dia
905647;12/05/2011;Quinta;18:06:00;RJ;101;324.0;NITEROI;Defeito mecanico em veiculo;Colisao com objeto fixo;Sem Vitimas;Anoitecer
905681;12/05/2011;Quinta;18:15:00;RJ;101;318.0;SAO GONCALO;Nao guardar distancia de seguranca;Colisao traseira;Com Vitimas Feridas;Plena noite
905745;12/05/2011;Quinta;20:50:00;RJ;101;301.0;SAO GONCALO;Outras;Colisao traseira;Sem Vitimas;Plena noite
905746;12/05/2011;Quinta;18:00:00;RJ;101;322.0;NITEROI;Nao guardar distancia de seguranca;Colisao traseira;Sem Vitimas;Plena noite
905756;12/05/2011;Quinta;20:00:00;RJ;101;322.0;NITEROI;Falta de atencao;Colisao lateral;Sem Vitimas;Plena noite
905958;13/05/2011;Sexta;06:00:00;RJ;101;318.0;SAO GONCALO;Falta de atencao;Colisao lateral;Sem Vitimas;Amanhecer
905961;13/05/2011;Sexta;09:15:00;RJ;101;316.0;SAO GONCALO;Falta de atencao;Colisao lateral;Sem Vitimas;Pleno dia
905968;13/05/2011;Sexta;03:19:00;RJ;101;313.0;SAO GONCALO;Falta de atencao;Colisao traseira;Sem Vitimas;Plena noite
906073;13/05/2011;Sexta;11:40:00;RJ;101;322.0;NITEROI;Outras;Colisao traseira;Sem Vitimas;Pleno dia
906203;13/05/2011;Sexta;19:50:00;RJ;101;309.0;SAO GONCALO;Outras;Saida de Pista;Sem Vitimas;Plena noite
906214;13/05/2011;Sexta;19:50:00;RJ;101;322.1;NITEROI;Outras;Colisao lateral;Sem Vitimas;Anoitecer
906219;13/05/2011;Sexta;15:17:00;RJ;101;319.0;SAO GONCALO;Outras;Colisao traseira;Sem Vitimas;Pleno dia
906223;13/05/2011;Sexta;19:30:00;RJ;101;322.0;NITEROI;Outras;Colisao traseira;Sem Vitimas;Plena noite
906237;13/05/2011;Sexta;17:40:00;RJ;101;330.0;RIO DE JANEIRO;Outras;Colisao lateral;Sem Vitimas;Plena noite
906253;13/05/2011;Sexta;19:00:00;RJ;101;322.0;NITEROI;Outras;Colisao lateral;Sem Vitimas;Plena noite
906264;13/05/2011;Sexta;19:10:00;RJ;101;318.0;NITEROI;Outras;Colisao traseira;Sem Vitimas;Plena noite
906339;14/05/2011;Sabado;04:00:00;RJ;101;322.0;NITEROI;Outras;Colisao lateral;Sem Vitimas;Plena noite
906419;14/05/2011;Sabado;08:20:00;RJ;101;303.0;SAO GONCALO;Outras;Colisao lateral;Sem Vitimas;Pleno dia
906428;14/05/2011;Sabado;08:30:00;RJ;101;328.0;RIO DE JANEIRO;Outras;Atropelamento de pessoa;Com Vitimas Feridas;Pleno dia
906763;15/05/2011;Domingo;01:30:00;RJ;101;321.0;NITEROI;Outras;Tombamento;Sem Vitimas;Plena noite
906893;15/05/2011;Domingo;06:00:00;RJ;101;318.0;SAO GONCALO;Outras;Colisao frontal;Sem Vitimas;Amanhecer
906915;15/05/2011;Domingo;09:08:00;RJ;101;322.0;NITEROI;Falta de atencao;Colisao com objeto fixo;Sem Vitimas;Pleno dia
906948;15/05/2011;Domingo;11:30:00;RJ;101;312.0;SAO GONCALO;Outras;Colisao com bicicleta;Sem Vitimas;Pleno dia
906961;15/05/2011;Domingo;12:00:00;RJ;101;319.0;SAO GONCALO;Outras;Colisao lateral;Sem Vitimas;Pleno dia
907223;16/05/2011;Segunda;00:05:00;RJ;101;322.0;NITEROI;Velocidade incompativel;Colisao com objeto fixo;Ignorado;Plena noite
907277;16/05/2011;Segunda;04:45:00;RJ;101;310.0;SAO GONCALO;Outras;Colisao com objeto fixo;Com Vitimas Feridas;Plena noite
907323;16/05/2011;Segunda;07:00:00;RJ;101;316.0;SAO GONCALO;Falta de atencao;Colisao lateral;Sem Vitimas;Pleno dia
907587;16/05/2011;Segunda;16:10:00;RJ;101;322.0;NITEROI;Falta de atencao;Colisao traseira;Sem Vitimas;Pleno dia
907756;15/05/2011;Domingo;20:50:00;RJ;101;309.0;SAO GONCALO;Outras;Colisao com objeto fixo;Com Vitimas Feridas;Plena noite
907888;14/05/2011;Sabado;01:02:00;RJ;101;321.0;NITEROI;Outras;Colisao com objeto fixo;Com Vitimas Feridas;Plena noite
907970;17/05/2011;Terca;08:55:00;RJ;101;322.0;RIO DE JANEIRO;Outras;Colisao traseira;Sem Vitimas;Pleno dia
908047;05/05/2011;Quinta;15:38:00;RJ;101;333.0;RIO DE JANEIRO;Outras;Queda de motocicleta / bicicleta / veiculo;Com Vitimas Feridas;Pleno dia
908133;17/05/2011;Terca;07:58:00;RJ;101;334.0;RIO DE JANEIRO;Outras;Colisao lateral;Sem Vitimas;Pleno dia
908157;17/05/2011;Terca;11:43:00;RJ;101;325.0;NITEROI;Outras;Colisao traseira;Sem Vitimas;Plena noite
908334;17/05/2011;Terca;21:00:00;RJ;101;322.0;NITEROI;Outras;Colisao lateral;Sem Vitimas;Plena noite
908371;17/05/2011;Terca;22:20:00;RJ;101;306.0;SAO GONCALO;Falta de atencao;Colisao lateral;Sem Vitimas;Plena noite
908458;14/05/2011;Sabado;10:35:00;RJ;101;326.0;NITEROI;Outras;Queda de motocicleta / bicicleta / veiculo;Com Vitimas Feridas;Pleno dia
908588;17/05/2011;Terca;22:30:00;RJ;101;331.0;RIO DE JANEIRO;Outras;Colisao traseira;Sem Vitimas;Plena noite
908604;18/05/2011;Quarta;10:40:00;RJ;101;329.0;RIO DE JANEIRO;Outras;Colisao traseira;Com Vitimas Feridas;Pleno dia
908643;18/05/2011;Quarta;12:10:00;RJ;101;321.0;NITEROI;Outras;Colisao traseira;Sem Vitimas;Plena noite
908827;18/05/2011;Quarta;17:48:00;RJ;101;322.0;NITEROI;Outras;Colisao traseira;Sem Vitimas;Plena noite
908868;18/05/2011;Quarta;19:05:00;RJ;101;327.0;NITEROI;Outras;Colisao traseira;Sem Vitimas;Plena noite
909081;16/05/2011;Segunda;05:08:00;RJ;101;300.0;SAO GONCALO;Falta de atencao;Colisao com objeto fixo;Sem Vitimas;Amanhecer
909136;19/05/2011;Quinta;08:30:00;RJ;101;325.0;NITEROI;Outras;Colisao traseira;Com Vitimas Feridas;Pleno dia
909167;15/05/2011;Domingo;19:00:00;RJ;101;319.0;SAO GONCALO;Outras;Colisao traseira;Sem Vitimas;Plena noite
909495;19/05/2011;Quinta;20:20:00;RJ;101;330.0;RIO DE JANEIRO;Outras;Colisao com objeto fixo;Sem Vitimas;Pleno dia
909606;19/05/2011;Quinta;20:44:00;RJ;101;332.0;RIO DE JANEIRO;Outras;Colisao lateral;Com Vitimas Feridas;Plena noite
909650;20/05/2011;Sexta;04:50:00;RJ;101;320.0;NITEROI;Outras;Colisao com objeto fixo;Sem Vitimas;Plena noite
909682;20/05/2011;Sexta;06:38:00;RJ;101;304.0;SAO GONCALO;Desobediencia a sinalizacao;Colisao com bicicleta;Sem Vitimas;Pleno dia
909738;16/05/2011;Segunda;15:00:00;RJ;101;319.0;SAO GONCALO;Nao guardar distancia de seguranca;Colisao traseira;Sem Vitimas;Pleno dia
909762;20/05/2011;Sexta;10:00:00;RJ;101;318.0;SAO GONCALO;Ultrapassagem indevida;Saida de Pista;Sem Vitimas;Pleno dia
909890;20/05/2011;Sexta;14:30:00;RJ;101;321.0;NITEROI;Outras;Colisao traseira;Sem Vitimas;Pleno dia
909906;20/05/2011;Sexta;00:10:00;RJ;101;314.0;SAO GONCALO;Animais na Pista;Atropelamento de animal;Sem Vitimas;Plena noite
909919;20/05/2011;Sexta;15:30:00;RJ;101;312.0;SAO GONCALO;Defeito mecanico em veiculo;Saida de Pista;Com Vitimas Feridas;Pleno dia
910063;20/05/2011;Sexta;19:00:00;RJ;101;320.0;NITEROI;Nao guardar distancia de seguranca;Colisao traseira;Sem Vitimas;Plena noite
910094;20/05/2011;Sexta;19:30:00;RJ;101;319.0;SAO GONCALO;Outras;Atropelamento de pessoa;Com Vitimas Feridas;Plena noite
910153;21/05/2011;Sabado;01:00:00;RJ;101;316.0;SAO GONCALO;Outras;Queda de motocicleta / bicicleta / veiculo;Com Vitimas Feridas;Plena noite
910227;18/05/2011;Quarta;04:10:00;RJ;101;322.0;NITEROI;Velocidade incompativel;Colisao com objeto fixo;Sem Vitimas;Plena noite
910308;21/05/2011;Sabado;09:30:00;RJ;101;300.0;SAO GONCALO;Outras;Colisao com objeto movel;Sem Vitimas;Pleno dia
910396;21/05/2011;Sabado;13:00:00;RJ;101;322.0;NITEROI;Outras;Colisao traseira;Sem Vitimas;Pleno dia
910534;21/05/2011;Sabado;15:22:00;RJ;101;304.0;SAO GONCALO;Outras;Atropelamento de pessoa;Com Vitimas Feridas;Pleno dia
910563;21/05/2011;Sabado;18:00:00;RJ;101;316.0;SAO GONCALO;Falta de atencao;Saida de Pista;Com Vitimas Feridas;Plena noite
910622;21/05/2011;Sabado;22:10:00;RJ;101;320.0;NITEROI;Outras;Colisao traseira;Sem Vitimas;Plena noite
910630;21/05/2011;Sabado;14:22:00;RJ;101;308.0;SAO GONCALO;Outras;Colisao traseira;Sem Vitimas;Pleno dia
910660;21/05/2011;Sabado;23:40:00;RJ;101;322.0;NITEROI;Outras;Colisao com objeto fixo;Sem Vitimas;Plena noite
910665;21/05/2011;Sabado;23:00:00;RJ;101;322.0;RIO DE JANEIRO;Outras;Colisao lateral;Com Vitimas Feridas;Plena noite
910667;21/05/2011;Sabado;19:30:00;RJ;101;313.0;SAO GONCALO;Defeito mecanico em veiculo;Colisao com objeto movel;Sem Vitimas;Plena noite
910788;22/05/2011;Domingo;07:09:00;RJ;101;333.3;RIO DE JANEIRO;Outras;Colisao traseira;Sem Vitimas;Pleno dia
911045;22/05/2011;Domingo;18:30:00;RJ;101;317.0;SAO GONCALO;Outras;Colisao traseira;Sem Vitimas;Plena noite
911157;22/05/2011;Domingo;23:30:00;RJ;101;330.0;RIO DE JANEIRO;Outras;Colisao com objeto movel;Sem Vitimas;Plena noite
911310;23/05/2011;Segunda;08:30:00;RJ;101;320.0;NITEROI;Outras;Colisao traseira;Sem Vitimas;Pleno dia
911394;19/05/2011;Quinta;11:20:00;RJ;101;323.0;NITEROI;Falta de atencao;Colisao lateral;Sem Vitimas;Pleno dia
911418;23/05/2011;Segunda;11:50:00;RJ;101;320.4;NITEROI;Falta de atencao;Colisao traseira;Com Vitimas Feridas;Pleno dia
911580;23/05/2011;Segunda;08:35:00;RJ;101;319.0;SAO GONCALO;Falta de atencao;Colisao traseira;Sem Vitimas;Pleno dia
911583;23/05/2011;Segunda;05:30:00;RJ;101;316.0;SAO GONCALO;Defeito mecanico em veiculo;Incendio;Sem Vitimas;Pleno dia
911605;23/05/2011;Segunda;18:40:00;RJ;101;322.0;NITEROI;Outras;Colisao lateral;Sem Vitimas;Anoitecer
911608;23/05/2011;Segunda;19:00:00;RJ;101;322.0;NITEROI;Outras;Colisao traseira;Sem Vitimas;Plena noite
911643;23/05/2011;Segunda;19:00:00;RJ;101;321.0;NITEROI;Outras;Colisao lateral;Sem Vitimas;Plena noite
911680;23/05/2011;Segunda;20:40:00;RJ;101;312.0;SAO GONCALO;Defeito mecanico em veiculo;Queda de motocicleta / bicicleta / veiculo;Com Vitimas Feridas;Plena noite
911754;23/05/2011;Segunda;22:45:00;RJ;101;320.0;NITEROI;Outras;Derramamento de Carga;Sem Vitimas;Plena noite
911934;24/05/2011;Terca;09:29:00;RJ;101;334.0;RIO DE JANEIRO;Outras;Colisao traseira;Sem Vitimas;Anoitecer