id;data_inversa;dia_semana;horario;uf;br;km;municipio;causa_acidente;tipo_acidente;classificacao_acidente;fase_dia
911957;24/05/2011;Terca;09:26:00;RJ;101;321.0;NITEROI;Outras;Colisao traseira;Com Vitimas Feridas;Pleno dia
912064;24/05/2011;Terca;07:40:00;RJ;101;317.0;SAO GONCALO;Outras;Colisao traseira;Sem Vitimas;Pleno dia
912233;24/05/2011;Terca;19:20:00;RJ;101;325.0;NITEROI;Outras;Colisao traseira;Sem Vitimas;Plena noite
912441;25/05/2011;Quarta;08:40:00;RJ;101;323.0;NITEROI;Outras;Colisao traseira;Sem Vitimas;Pleno dia
912496;25/05/2011;Quarta;11:00:00;RJ;101;327.0;NITEROI;Outras;Colisao lateral;Sem Vitimas;Pleno dia
912539;25/05/2011;Quarta;13:30:00;RJ;101;334.0;RIO DE JANEIRO;Falta de atencao;Colisao lateral;Sem Vitimas;Pleno dia
912718;25/05/2011;Quarta;20:06:00;RJ;101;318.0;NITEROI;Outras;Colisao traseira;Sem Vitimas;Plena noite
912920;26/05/2011;Quinta;07:00:00;RJ;101;334.0;RIO DE JANEIRO;Outras;Colisao lateral;Sem Vitimas;Pleno dia
912939;26/05/2011;Quinta;07:40:00;RJ;101;319.0;SAO GONCALO;Outras;Colisao traseira;Com Vitimas Feridas;Pleno dia
913024;26/05/2011;Quinta;12:00:00;RJ;101;322.0;NITEROI;Outras;Colisao com objeto fixo;Sem Vitimas;Pleno dia
913156;26/05/2011;Quinta;16:40:00;RJ;101;321.0;NITEROI;Outras;Colisao lateral;Sem Vitimas;Anoitecer
913161;26/05/2011;Quinta;18:00:00;RJ;101;322.0;NITEROI;Outras;Colisao lateral;Sem Vitimas;Plena noite
913208;26/05/2011;Quinta;18:30:00;RJ;101;322.0;NITEROI;Outras;Colisao traseira;Sem Vitimas;Plena noite
913397;27/05/2011;Sexta;04:50:00;RJ;101;313.0;SAO GONCALO;Outras;Saida de Pista;Sem Vitimas;Amanhecer
913424;27/05/2011;Sexta;05:40:00;RJ;101;316.0;SAO GONCALO;Outras;Saida de Pista;Sem Vitimas;Amanhecer
913431;27/05/2011;Sexta;06:10:00;RJ;101;321.0;NITEROI;Outras;Colisao traseira;Sem Vitimas;Pleno dia
913540;27/05/2011;Sexta;11:45:00;RJ;101;320.0;NITEROI;Outras;Atropelamento de pessoa;Com Vitimas Feridas;Pleno dia
913554;27/05/2011;Sexta;12:50:00;RJ;101;322.0;NITEROI;Outras;Colisao lateral;Sem Vitimas;Pleno dia
913561;27/05/2011;Sexta;08:20:00;RJ;101;319.0;SAO GONCALO;Outras;Colisao lateral;Com Vitimas Feridas;Pleno dia
913633;27/05/2011;Sexta;15:10:00;RJ;101;322.0;NITEROI;Falta de atencao;Colisao traseira;Sem Vitimas;Pleno dia
913804;27/05/2011;Sexta;20:00:00;RJ;101;312.0;SAO GONCALO;Outras;Colisao traseira;Sem Vitimas;Plena noite
913806;27/05/2011;Sexta;21:20:00;RJ;101;322.0;NITEROI;Nao guardar distancia de seguranca;Colisao traseira;Sem Vitimas;Plena noite
913836;26/05/2011;Quinta;07:50:00;RJ;101;316.0;SAO GONCALO;Outras;Colisao lateral;Sem Vitimas;Pleno dia
913864;27/05/2011;Sexta;22:35:00;RJ;101;332.0;RIO DE JANEIRO;Outras;Colisao com objeto fixo;Sem Vitimas;Plena noite
913937;28/05/2011;Sabado;01:30:00;RJ;101;330.0;RIO DE JANEIRO;Outras;Colisao traseira;Sem Vitimas;Plena noite
913970;28/05/2011;Sabado;05:30:00;RJ;101;333.0;RIO DE JANEIRO;Defeito na via;Colisao Transversal;Sem Vitimas;Amanhecer
914001;27/05/2011;Sexta;20:45:00;RJ;101;319.0;SAO GONCALO;Outras;Queda de motocicleta / bicicleta / veiculo;Com Vitimas Feridas;Plena noite
914036;28/05/2011;Sabado;09:20:00;RJ;101;313.0;SAO GONCALO;Animais na Pista;Saida de Pista;Sem Vitimas;Pleno dia
914060;28/05/2011;Sabado;09:21:00;RJ;101;316.0;SAO GONCALO;Nao guardar distancia de seguranca;Saida de Pista;Sem Vitimas;Pleno dia
914276;28/05/2011;Sabado;20:00:00;RJ;101;310.0;SAO GONCALO;Outras;Saida de Pista;Sem Vitimas;Plena noite
914335;28/05/2011;Sabado;23:15:00;RJ;101;307.0;SAO GONCALO;Outras;Capotamento;Ignorado;Plena noite
914356;28/05/2011;Sabado;18:40:00;RJ;101;323.0;NITEROI;Nao guardar distancia de seguranca;Colisao traseira;Sem Vitimas;Plena noite
914398;29/05/2011;Domingo;03:15:00;RJ;101;330.0;RIO DE JANEIRO;Ingestao de alcool;Colisao traseira;Sem Vitimas;Plena noite
914722;29/05/2011;Domingo;09:40:00;RJ;101;322.0;NITEROI;Falta de atencao;Colisao lateral;Sem Vitimas;Pleno dia
914825;26/05/2011;Quinta;04:30:00;RJ;101;319.0;NITEROI;Outras;Queda de motocicleta / bicicleta / veiculo;Com Vitimas Feridas;Plena noite
914835;30/05/2011;Segunda;00:20:00;RJ;101;334.0;RIO DE JANEIRO;Outras;Colisao lateral;Sem Vitimas;Plena noite
915180;30/05/2011;Segunda;07:30:00;RJ;101;313.0;SAO GONCALO;Outras;Colisao traseira;Sem Vitimas;Pleno dia
915191;30/05/2011;Segunda;15:40:00;RJ;101;321.0;NITEROI;Outras;Colisao lateral;Sem Vitimas;Pleno dia
915378;30/05/2011;Segunda;20:00:00;RJ;101;302.0;SAO GONCALO;Outras;Capotamento;Com Vitimas Feridas;Plena noite
915429;06/05/2011;Sexta;14:20:00;RJ;101;322.0;NITEROI;Outras;Colisao lateral;Sem Vitimas;Pleno dia
915458;30/05/2011;Segunda;22:00:00;RJ;101;312.0;RIO DE JANEIRO;Outras;Saida de Pista;Sem Vitimas;Anoitecer
915495;31/05/2011;Terca;05:40:00;RJ;101;312.0;SAO GONCALO;Outras;Saida de Pista;Sem Vitimas;Plena noite
915575;31/05/2011;Terca;08:50:00;RJ;101;317.0;SAO GONCALO;Outras;Colisao traseira;Sem Vitimas;Pleno dia
915779;31/05/2011;Terca;06:00:00;RJ;101;316.0;SAO GONCALO;Outras;Incendio;Sem Vitimas;Pleno dia
915821;27/05/2011;Sexta;21:00:00;RJ;101;319.0;SAO GONCALO;Falta de atencao;Colisao traseira;Com Vitimas Feridas;Plena noite
915846;31/05/2011;Terca;11:50:00;RJ;101;320.0;NITEROI;Outras;Colisao traseira;Sem Vitimas;Pleno dia
915893;31/05/2011;Terca;19:20:00;RJ;101;320.2;NITEROI;Outras;Colisao traseira;Com Vitimas Feridas;Plena noite
915997;31/05/2011;Terca;20:25:00;RJ;101;322.0;NITEROI;Outras;Colisao lateral;Sem Vitimas;Plena noite
916113;01/06/2011;Quarta;07:40:00;RJ;101;319.0;NITEROI;Nao guardar distancia de seguranca;Colisao traseira;Sem Vitimas;Pleno dia
916119;01/06/2011;Quarta;06:30:00;RJ;101;320.0;SAO GONCALO;Outras;Colisao com objeto movel;Sem Vitimas;Pleno dia
916196;01/06/2011;Quarta;11:15:00;RJ;101;321.0;NITEROI;Nao guardar distancia de seguranca;Colisao traseira;Sem Vitimas;Pleno dia
916413;01/06/2011;Quarta;20:00:00;RJ;101;322.0;NITEROI;Falta de atencao;Colisao traseira;Sem Vitimas;Plena noite
916416;01/06/2011;Quarta;19:30:00;RJ;101;321.0;NITEROI;Nao guardar distancia de seguranca;Colisao traseira;Sem Vitimas;Plena noite
916891;02/06/2011;Quinta;18:00:00;RJ;101;319.0;NITEROI;Outras;Colisao lateral;Sem Vitimas;Plena noite
916924;02/06/2011;Quinta;17:45:00;RJ;101;319.0;SAO GONCALO;Outras;Colisao traseira;Sem Vitimas;Anoitecer
917074;03/06/2011;Sexta;01:25:00;RJ;101;306.0;SAO GONCALO;Dormindo;Capotamento;Com Vitimas Feridas;Plena noite
917167;03/06/2011;Sexta;07:30:00;RJ;101;334.0;RIO DE JANEIRO;Outras;Colisao traseira;Sem Vitimas;Pleno dia
917211;03/06/2011;Sexta;07:20:00;RJ;101;315.0;SAO GONCALO;Outras;Queda de motocicleta / bicicleta / veiculo;Com Vitimas Feridas;Pleno dia
917212;03/06/2011;Sexta;09:50:00;RJ;101;334.0;RIO DE JANEIRO;Outras;Colisao traseira;Sem Vitimas;Pleno dia
917231;03/06/2011;Sexta;06:40:00;RJ;101;315.0;SAO GONCALO;Outras;Colisao traseira;Com Vitimas Feridas;Pleno dia
917242;03/06/2011;Sexta;10:56:00;RJ;101;322.0;NITEROI;Outras;Colisao com objeto fixo;Sem Vitimas;Pleno dia
917419;03/06/2011;Sexta;17:20:00;RJ;101;321.0;NITEROI;Outras;Colisao lateral;Sem Vitimas;Plena noite
917446;03/06/2011;Sexta;19:15:00;RJ;101;322.0;NITEROI;Outras;Colisao traseira;Sem Vitimas;Plena noite
917554;03/06/2011;Sexta;21:30:00;RJ;101;313.0;SAO GONCALO;Outras;Colisao traseira;Sem Vitimas;Plena noite
917790;04/06/2011;Sabado;07:40:00;RJ;101;320.0;NITEROI;Outras;Colisao traseira;Sem Vitimas;Pleno dia
917902;04/06/2011;Sabado;14:00:00;RJ;101;324.0;NITEROI;Outras;Colisao lateral;Sem Vitimas;Pleno dia
918007;04/06/2011;Sabado;16:10:00;RJ;101;329.0;RIO DE JANEIRO;Outras;Colisao lateral;Sem Vitimas;Pleno dia
918020;04/06/2011;Sabado;18:00:00;RJ;101;311.0;SAO GONCALO;Falta de atencao;Colisao traseira;Sem Vitimas;Anoitecer
918032;04/06/2011;Sabado;17:50:00;RJ;101;313.0;SAO GONCALO;Outras;Colisao traseira;Sem Vitimas;Plena noite
918106;04/06/2011;Sabado;08:50:00;RJ;101;319.0;SAO GONCALO;Outras;Colisao traseira;Sem Vitimas;Pleno dia
918232;01/06/2011;Quarta;19:20:00;RJ;101;319.0;SAO GONCALO;Outras;Queda de motocicleta / bicicleta / veiculo;Com Vitimas Feridas;Plena noite
918386;02/06/2011;Quinta;02:10:00;RJ;101;311.0;SAO GONCALO;Outras;Colisao com objeto movel;Sem Vitimas;Pleno dia
918388;05/06/2011;Domingo;15:10:00;RJ;101;301.0;SAO GONCALO;Outras;Saida de Pista;Sem Vitimas;Pleno dia
918399;05/06/2011;Domingo;06:45:00;RJ;101;321.0;NITEROI;Outras;Colisao com objeto fixo;Com Vitimas Feridas;Amanhecer
918745;02/06/2011;Quinta;20:56:00;RJ;101;330.0;RIO DE JANEIRO;Outras;Colisao traseira;Sem Vitimas;Plena noite
918889;06/06/2011;Segunda;12:55:00;RJ;101;314.0;SAO GONCALO;Outras;Colisao traseira;Com Vitimas Feridas;Pleno dia
918984;06/06/2011;Segunda;08:10:00;RJ;101;312.0;SAO GONCALO;Falta de atencao;Colisao traseira;Sem Vitimas;Pleno dia
918999;06/06/2011;Segunda;15:48:00;RJ;101;324.0;RIO DE JANEIRO;Falta de atencao;Colisao traseira;Sem Vitimas;Pleno dia
919003;06/06/2011;Segunda;06:30:00;RJ;101;321.0;NITEROI;Outras;Colisao lateral;Sem Vitimas;Amanhecer
919047;06/06/2011;Segunda;18:51:00;RJ;101;321.0;NITEROI;Outras;Colisao lateral;Sem Vitimas;Plena noite
919203;03/06/2011;Sexta;17:00:00;RJ;101;317.0;SAO GONCALO;Outras;Colisao traseira;Com Vitimas Feridas;Anoitecer
919206;07/06/2011;Terca;05:50:00;RJ;101;322.0;RIO DE JANEIRO;Outras;Colisao com objeto fixo;Sem Vitimas;Amanhecer
919222;03/06/2011;Sexta;18:45:00;RJ;101;331.0;RIO DE JANEIRO;Outras;Colisao traseira;Sem Vitimas;Plena noite
919262;07/06/2011;Terca;07:00:00;RJ;101;315.0;SAO GONCALO;Outras;Colisao traseira;Sem Vitimas;Pleno dia
919293;07/06/2011;Terca;10:20:00;RJ;101;322.0;NITEROI;Outras;Colisao com objeto fixo;Sem Vitimas;Pleno dia
919324;07/06/2011;Terca;10:00:00;RJ;101;320.0;NITEROI;Outras;Colisao traseira;Sem Vitimas;Pleno dia
919356;07/06/2011;Terca;12:30:00;RJ;101;322.0;NITEROI;Outras;Colisao lateral;Sem Vitimas;Pleno dia
919652;07/06/2011;Terca;17:50:00;RJ;101;312.0;SAO GONCALO;Outras;Colisao traseira;Sem Vitimas;Anoitecer
919736;07/06/2011;Terca;22:45:00;RJ;101;322.0;NITEROI;Outras;Colisao traseira;Sem Vitimas;Plena noite
919737;07/06/2011;Terca;22:00:00;RJ;101;300.0;RIO DE JANEIRO;Animais na Pista;Atropelamento de animal;Sem Vitimas;Plena noite
919801;08/06/2011;Quarta;03:10:00;RJ;101;322.0;NITEROI;Outras;Colisao com objeto fixo;Sem Vitimas;Plena noite
919822;07/06/2011;Terca;18:25:00;RJ;101;316.0;SAO GONCALO;Outras;Colisao traseira;Sem Vitimas;Plena noite
919862;05/06/2011;Domingo;04:26:00;RJ;101;330.0;RIO DE JANEIRO;Outras;Colisao Transversal;Com Vitimas Feridas;Amanhecer
919864;08/06/2011;Quarta;07:45:00;RJ;101;318.0;SAO GONCALO;Falta de atencao;Colisao traseira;Sem Vitimas;Pleno dia
919868;04/06/2011;Sabado;19:10:00;RJ;101;329.0;RIO DE JANEIRO;Outras;Colisao lateral;Sem Vitimas;Plena noite
919994;08/06/2011;Quarta;12:00:00;RJ;101;320.2;NITEROI;Falta de atencao;Colisao traseira;Sem Vitimas;Pleno dia
920031;08/06/2011;Quarta;10:00:00;RJ;101;320.0;NITEROI;Falta de atencao;Colisao traseira;Sem Vitimas;Pleno dia
920053;08/06/2011;Quarta;13:30:00;RJ;101;320.0;NITEROI;Outras;Colisao traseira;Sem Vitimas;Pleno dia
920086;04/06/2011;Sabado;22:35:00;RJ;101;322.0;NITEROI;Outras;Colisao traseira;Sem Vitimas;Plena noite
920093;08/06/2011;Quarta;10:00:00;RJ;101;321.0;NITEROI;Outras;Colisao traseira;Sem Vitimas;Pleno dia
920215;08/06/2011;Quarta;17:30:00;RJ;101;322.0;NITEROI;Outras;Colisao lateral;Sem Vitimas;Anoitecer
920258;31/05/2011;Terca;11:30:00;RJ;101;319.0;SAO GONCALO;Animais na Pista;Colisao lateral;Sem Vitimas;Pleno dia
920259;08/06/2011;Quarta;19:50:00;RJ;101;321.0;NITEROI;Outras;Colisao traseira;Sem Vitimas;Plena noite
920323;08/06/2011;Quarta;07:50:00;RJ;101;318.0;SAO GONCALO;Outras;Colisao lateral;Com Vitimas Feridas;Pleno dia
920397;09/06/2011;Quinta;06:40:00;RJ;101;322.0;NITEROI;Nao guardar distancia de seguranca;Colisao traseira;Sem Vitimas;Pleno dia
920650;01/06/2011;Quarta;20:30:00;RJ;101;307.0;SAO GONCALO;Desobediencia a sinalizacao;Atropelamento de pessoa;Com Vitimas Fatais;Plena noite
920716;09/06/2011;Quinta;16:40:00;RJ;101;322.0;NITEROI;Outras;Colisao com objeto fixo;Com Vitimas Feridas;Pleno dia
920737;09/06/2011;Quinta;09:10:00;RJ;101;333.0;RIO DE JANEIRO;Outras;Colisao lateral;Com Vitimas Feridas;Pleno dia
920778;09/06/2011;Quinta;12:20:00;RJ;101;330.0;RIO DE JANEIRO;Outras;Colisao traseira;Com Vitimas Feridas;Pleno dia
920856;09/06/2011;Quinta;23:00:00;RJ;101;324.0;NITEROI;Nao guardar distancia de seguranca;Colisao lateral;Sem Vitimas;Pleno dia
920857;09/06/2011;Quinta;22:30:00;RJ;101;321.0;NITEROI;Defeito na via;Colisao lateral;Sem Vitimas;Plena noite
921175;10/06/2011;Sexta;13:40:00;RJ;101;302.0;SAO GONCALO;Outras;Saida de Pista;Sem Vitimas;Pleno dia
921349;10/06/2011;Sexta;20:05:00;RJ;101;316.0;SAO GONCALO;Falta de atencao;Colisao traseira;Com Vitimas Feridas;Plena noite
921516;11/06/2011;Sabado;01:30:00;RJ;101;316.0;SAO GONCALO;Outras;Saida de Pista;Sem Vitimas;Plena noite
921570;11/06/2011;Sabado;04:00:00;RJ;101;322.0;RIO DE JANEIRO;Outras;Queda de motocicleta / bicicleta / veiculo;Com Vitimas Feridas;Plena noite
921579;11/06/2011;Sabado;05:48:00;RJ;101;332.0;RIO DE JANEIRO;Outras;Capotamento;Com Vitimas Feridas;Amanhecer
921611;11/06/2011;Sabado;07:30:00;RJ;101;321.0;NITEROI;Outras;Colisao lateral;Sem Vitimas;Pleno dia
921900;11/06/2011;Sabado;19:40:00;RJ;101;308.0;SAO GONCALO;Outras;Colisao traseira;Sem Vitimas;Plena noite
921919;11/06/2011;Sabado;20:15:00;RJ;101;325.5;NITEROI;Outras;Colisao traseira;Sem Vitimas;Plena noite
921941;11/06/2011;Sabado;17:10:00;RJ;101;327.0;NITEROI;Outras;Colisao traseira;Com Vitimas Feridas;Anoitecer
922012;12/06/2011;Domingo;00:05:00;RJ;101;327.0;NITEROI;Outras;Colisao com objeto movel;Sem Vitimas;Plena noite
922048;12/06/2011;Domingo;01:30:00;RJ;101;310.0;SAO GONCALO;Defeito mecanico em veiculo;Saida de Pista;Com Vitimas Feridas;Plena noite
922364;12/06/2011;Domingo;15:40:00;RJ;101;326.0;NITEROI;Outras;Colisao com objeto fixo;Sem Vitimas;Pleno dia
922413;12/06/2011;Domingo;15:30:00;RJ;101;307.8;SAO GONCALO;Outras;Capotamento;Com Vitimas Feridas;Pleno dia
922463;12/06/2011;Domingo;19:00:00;RJ;101;322.7;NITEROI;Outras;Colisao traseira;Sem Vitimas;Plena noite
922479;12/06/2011;Domingo;19:30:00;RJ;101;330.0;NITEROI;Outras;Colisao Transversal;Sem Vitimas;Plena noite
922564;12/06/2011;Domingo;19:35:00;RJ;101;333.0;RIO DE JANEIRO;Outras;Colisao traseira;Sem Vitimas;Plena noite
922567;12/06/2011;Domingo;18:50:00;RJ;101;322.0;NITEROI;Outras;Colisao traseira;Sem Vitimas;Plena noite
922698;13/06/2011;Segunda;06:35:00;RJ;101;312.0;SAO GONCALO;Outras;Colisao lateral;Sem Vitimas;Pleno dia
922794;13/06/2011;Segunda;10:00:00;RJ;101;315.0;SAO GONCALO;Outras;Colisao traseira;Sem Vitimas;Pleno dia
922898;09/06/2011;Quinta;16:30:00;RJ;101;313.0;SAO GONCALO;Falta de atencao;Colisao com bicicleta;Com Vitimas Feridas;Pleno dia
922960;13/06/2011;Segunda;14:15:00;RJ;101;333.0;RIO DE JANEIRO;Defeito mecanico em veiculo;Colisao traseira;Sem Vitimas;Pleno dia
922993;10/06/2011;Sexta;02:20:00;RJ;101;313.0;SAO GONCALO;Dormindo;Saida de Pista;Com Vitimas Feridas;Plena noite
923035;14/06/2011;Terca;08:07:00;RJ;101;319.0;SAO GONCALO;Falta de atencao;Colisao traseira;Sem Vitimas;Pleno dia
923169;14/06/2011;Terca;11:15:00;RJ;101;314.0;SAO GONCALO;Falta de atencao;Colisao traseira;Sem Vitimas;Pleno dia
923172;10/06/2011;Sexta;17:15:00;RJ;101;321.0;NITEROI;Falta de atencao;Colisao traseira;Sem Vitimas;Pleno dia
923261;14/06/2011;Terca;13:27:00;RJ;101;319.0;SAO GONCALO;Outras;Colisao lateral;Com Vitimas Feridas;Pleno dia
923388;14/06/2011;Terca;18:00:00;RJ;101;322.0;NITEROI;Outras;Colisao lateral;Sem Vitimas;Plena noite
923414;14/06/2011;Terca;19:42:00;RJ;101;334.0;RIO DE JANEIRO;Outras;Colisao traseira;Com Vitimas Feridas;Plena noite
923535;14/06/2011;Terca;22:29:00;RJ;101;328.0;NITEROI;Outras;Colisao traseira;Sem Vitimas;Plena noite
923592;14/06/2011;Terca;13:30:00;RJ;101;316.0;SAO GONCALO;Nao guardar distancia de seguranca;Colisao traseira;Sem Vitimas;Pleno dia
923607;14/06/2011;Terca;20:20:00;RJ;101;303.0;SAO GONCALO;Nao guardar distancia de seguranca;Saida de Pista;Sem Vitimas;Plena noite
923624;14/06/2011;Terca;16:15:00;RJ;101;317.0;SAO GONCALO;Outras;Colisao lateral;Sem Vitimas;Pleno dia
923685;14/06/2011;Terca;16:35:00;RJ;101;320.0;SAO GONCALO;Outras;Colisao lateral;Sem Vitimas;Pleno dia
923722;15/06/2011;Quarta;07:39:00;RJ;101;334.0;RIO DE JANEIRO;Outras;Colisao traseira;Sem Vitimas;Pleno dia
923871;15/06/2011;Quarta;10:50:00;RJ;101;330.0;RIO DE JANEIRO;Defeito mecanico em veiculo;Colisao traseira;Com Vitimas Feridas;Pleno dia
923884;15/06/2011;Quarta;11:50:00;RJ;101;321.0;NITEROI;Outras;Colisao lateral;Sem Vitimas;Pleno dia
923908;15/06/2011;Quarta;13:30:00;RJ;101;321.5;NITEROI;Outras;Colisao traseira;Sem Vitimas;Pleno dia
924062;15/06/2011;Quarta;18:15:00;RJ;101;322.0;NITEROI;Outras;Colisao lateral;Sem Vitimas;Plena noite
924258;16/06/2011;Quinta;02:00:00;RJ;101;309.0;SAO GONCALO;Outras;Saida de Pista;Com Vitimas Feridas;Plena noite
924332;16/06/2011;Quinta;06:35:00;RJ;101;325.0;NITEROI;Outras;Colisao traseira;Com Vitimas Feridas;Pleno dia
924469;13/06/2011;Segunda;19:30:00;RJ;101;318.0;SAO GONCALO;Outras;Colisao lateral;Sem Vitimas;Pleno dia
924496;14/06/2011;Terca;01:10:00;RJ;101;317.0;SAO GONCALO;Outras;Colisao traseira;Sem Vitimas;Plena noite
924567;12/06/2011;Domingo;22:20:00;RJ;101;319.0;NITEROI;Outras;Colisao lateral;Com Vitimas Feridas;Plena noite
924584;16/06/2011;Quinta;09:30:00;RJ;101;314.0;SAO GONCALO;Outras;Colisao lateral;Com Vitimas Feridas;Pleno dia
924643;16/06/2011;Quinta;18:00:00;RJ;101;307.0;SAO GONCALO;Outras;Atropelamento de animal;Com Vitimas Feridas;Plena noite
924675;16/06/2011;Quinta;17:30:00;RJ;101;322.0;NITEROI;Outras;Colisao lateral;Sem Vitimas;Pleno dia
924802;17/06/2011;Sexta;01:00:00;RJ;101;299.0;SAO GONCALO;Falta de atencao;Saida de Pista;Sem Vitimas;Plena noite
924932;17/06/2011;Sexta;08:50:00;RJ;101;319.0;SAO GONCALO;Outras;Colisao traseira;Sem Vitimas;Pleno dia
925029;17/06/2011;Sexta;12:10:00;RJ;101;333.0;RIO DE JANEIRO;Nao guardar distancia de seguranca;Colisao traseira;Sem Vitimas;Pleno dia
925116;17/06/2011;Sexta;13:10:00;RJ;101;319.0;SAO GONCALO;Falta de atencao;Colisao traseira;Sem Vitimas;Pleno dia
925121;17/06/2011;Sexta;15:30:00;RJ;101;321.0;NITEROI;Outras;Colisao traseira;Sem Vitimas;Pleno dia
925220;17/06/2011;Sexta;18:40:00;RJ;101;322.0;NITEROI;Nao guardar distancia de seguranca;Colisao traseira;Sem Vitimas;Plena noite
925290;17/06/2011;Sexta;20:00:00;RJ;101;330.0;RIO DE JANEIRO;Outras;Colisao traseira;Sem Vitimas;Plena noite
925332;14/06/2011;Terca;02:00:00;RJ;101;314.0;SAO GONCALO;Outras;Colisao com objeto fixo;Sem Vitimas;Plena noite
925374;17/06/2011;Sexta;22:45:00;RJ;101;321.0;NITEROI;Outras;Colisao lateral;Sem Vitimas;Plena noite
925622;20/06/2011;Segunda;08:10:00;RJ;101;318.0;SAO GONCALO;Outras;Danos Eventuais;Sem Vitimas;Pleno dia
925628;20/06/2011;Segunda;09:20:00;RJ;101;320.0;NITEROI;Outras;Colisao traseira;Sem Vitimas;Pleno dia
925778;20/06/2011;Segunda;09:00:00;RJ;101;325.0;NITEROI;Outras;Colisao traseira;Sem Vitimas;Pleno dia
926096;14/06/2011;Terca;19:20:00;RJ;101;321.0;NITEROI;Falta de atencao;Colisao traseira;Sem Vitimas;Plena noite
926160;14/06/2011;Terca;19:00:00;RJ;101;323.0;NITEROI;Falta de atencao;Colisao lateral;Sem Vitimas;Plena noite
926232;21/06/2011;Terca;01:40:00;RJ;101;321.0;NITEROI;Outras;Atropelamento de animal;Sem Vitimas;Plena noite
926276;21/06/2011;Terca;05:05:00;RJ;101;310.0;SAO GONCALO;Animais na Pista;Atropelamento de animal;Sem Vitimas;Plena noite
926286;21/06/2011;Terca;05:50:00;RJ;101;309.0;SAO GONCALO;Outras;Colisao lateral;Sem Vitimas;Pleno dia
926305;21/06/2011;Terca;07:30:00;RJ;101;321.5;NITEROI;Outras;Colisao traseira;Sem Vitimas;Pleno dia
926307;21/06/2011;Terca;07:10:00;RJ;101;314.0;SAO GONCALO;Outras;Colisao traseira;Sem Vitimas;Pleno dia
926461;21/06/2011;Terca;05:15:00;RJ;101;326.0;NITEROI;Outras;Atropelamento de pessoa;Sem Vitimas;Plena noite
926515;21/06/2011;Terca;11:15:00;RJ;101;319.0;NITEROI;Falta de atencao;Colisao traseira;Sem Vitimas;Pleno dia
926610;14/06/2011;Terca;18:00:00;RJ;101;321.0;NITEROI;Falta de atencao;Colisao traseira;Sem Vitimas;Plena noite
926647;18/06/2011;Sabado;02:00:00;RJ;101;319.0;SAO GONCALO;Outras;Colisao com objeto fixo;Com Vitimas Fatais;Plena noite
926786;21/06/2011;Terca;17:35:00;RJ;101;321.0;NITEROI;Outras;Colisao lateral;Sem Vitimas;Anoitecer
926841;21/06/2011;Terca;19:50:00;RJ;101;322.0;NITEROI;Outras;Colisao lateral;Sem Vitimas;Plena noite
926966;21/06/2011;Terca;12:01:00;RJ;101;299.0;SAO GONCALO;Outras;Colisao traseira;Sem Vitimas;Pleno dia
926982;21/06/2011;Terca;19:07:00;RJ;101;322.0;NITEROI;Falta de atencao;Colisao lateral;Sem Vitimas;Plena noite
927111;18/06/2011;Sabado;07:00:00;RJ;101;317.0;SAO GONCALO;Outras;Colisao traseira;Sem Vitimas;Pleno dia
927141;18/06/2011;Sabado;10:10:00;RJ;101;312.0;SAO GONCALO;Nao guardar distancia de seguranca;Colisao traseira;Sem Vitimas;Pleno dia
927191;18/06/2011;Sabado;12:00:00;RJ;101;309.0;SAO GONCALO;Outras;Capotamento;Sem Vitimas;Pleno dia
927276;18/06/2011;Sabado;14:30:00;RJ;101;304.0;SAO GONCALO;Falta de atencao;Colisao lateral;Com Vitimas Feridas;Pleno dia
927314;21/06/2011;Terca;05:20:00;RJ;101;310.0;SAO GONCALO;Outras;Colisao traseira;Com Vitimas Feridas;Amanhecer
927630;22/06/2011;Quarta;20:00:00;RJ;101;323.0;NITEROI;Falta de atencao;Colisao lateral;Sem Vitimas;Plena noite