id;data_inversa;dia_semana;horario;uf;br;km;municipio;causa_acidente;tipo_acidente;classificacao_acidente;fase_dia
927634;22/06/2011;Quarta;20:41:00;RJ;101;333.0;RIO DE JANEIRO;Falta de atencao;Colisao traseira;Sem Vitimas;Plena noite
927649;22/06/2011;Quarta;20:00:00;RJ;101;321.0;NITEROI;Falta de atencao;Colisao lateral;Sem Vitimas;Plena noite
927863;23/06/2011;Quinta;06:40:00;RJ;101;322.0;NITEROI;Outras;Colisao traseira;Sem Vitimas;Pleno dia
928043;19/06/2011;Domingo;15:38:00;RJ;101;308.0;RIO DE JANEIRO;Outras;Colisao traseira;Sem Vitimas;Anoitecer
928508;21/06/2011;Terca;19:30:00;RJ;101;320.0;NITEROI;Falta de atencao;Colisao lateral;Sem Vitimas;Plena noite
928568;24/06/2011;Sexta;09:48:00;RJ;101;330.0;RIO DE JANEIRO;Outras;Colisao lateral;Sem Vitimas;Pleno dia
928638;21/06/2011;Terca;18:30:00;RJ;101;332.0;RIO DE JANEIRO;Falta de atencao;Colisao traseira;Sem Vitimas;Plena noite
928667;24/06/2011;Sexta;12:30:00;RJ;101;321.0;NITEROI;Outras;Colisao traseira;Sem Vitimas;Pleno dia
928852;24/06/2011;Sexta;21:00:00;RJ;101;323.0;NITEROI;Falta de atencao;Colisao traseira;Sem Vitimas;Plena noite
928905;24/06/2011;Sexta;19:40:00;RJ;101;303.0;SAO GONCALO;Outras;Atropelamento de pessoa;Com Vitimas Feridas;Plena noite
928991;24/06/2011;Sexta;23:30:00;RJ;101;301.0;SAO GONCALO;Falta de atencao;Colisao traseira;Sem Vitimas;Plena noite
929043;21/06/2011;Terca;01:00:00;RJ;101;334.0;RIO DE JANEIRO;Outras;Queda de motocicleta / bicicleta / veiculo;Com Vitimas Feridas;Plena noite
929197;25/06/2011;Sabado;13:00:00;RJ;101;299.0;SAO GONCALO;Falta de atencao;Colisao com objeto fixo;Sem Vitimas;Pleno dia
929314;25/06/2011;Sabado;19:10:00;RJ;101;305.0;SAO GONCALO;Animais na Pista;Atropelamento de animal;Sem Vitimas;Plena noite
929316;25/06/2011;Sabado;19:10:00;RJ;101;305.0;SAO GONCALO;Animais na Pista;Atropelamento de animal;Sem Vitimas;Plena noite
929323;25/06/2011;Sabado;19:10:00;RJ;101;305.0;SAO GONCALO;Animais na Pista;Atropelamento de animal;Sem Vitimas;Plena noite
929403;25/06/2011;Sabado;22:45:00;RJ;101;306.0;SAO GONCALO;Ingestao de alcool;Colisao lateral;Sem Vitimas;Plena noite
929455;26/06/2011;Domingo;01:20:00;RJ;101;322.0;NITEROI;Velocidade incompativel;Colisao com objeto movel;Ignorado;Plena noite
929752;26/06/2011;Domingo;13:51:00;RJ;101;322.0;NITEROI;Outras;Colisao lateral;Sem Vitimas;Pleno dia
929828;18/06/2011;Sabado;22:00:00;RJ;101;305.0;SAO GONCALO;Outras;Atropelamento de pessoa;Com Vitimas Fatais;Plena noite
929928;26/06/2011;Domingo;15:57:00;RJ;101;334.0;RIO DE JANEIRO;Falta de atencao;Colisao traseira;Sem Vitimas;Pleno dia
929975;26/06/2011;Domingo;19:00:00;RJ;101;310.0;SAO GONCALO;Falta de atencao;Colisao lateral;Com Vitimas Feridas;Plena noite
930082;23/06/2011;Quinta;03:50:00;RJ;101;300.0;SAO GONCALO;Dormindo;Saida de Pista;Sem Vitimas;Plena noite
930225;23/06/2011;Quinta;05:30:00;RJ;101;313.0;SAO GONCALO;Outras;Colisao lateral;Sem Vitimas;Plena noite
930227;24/06/2011;Sexta;05:00:00;RJ;101;310.0;SAO GONCALO;Outras;Saida de Pista;Sem Vitimas;Amanhecer
930247;27/06/2011;Segunda;06:30:00;RJ;101;322.0;NITEROI;Outras;Colisao traseira;Sem Vitimas;Pleno dia
930265;27/06/2011;Segunda;07:05:00;RJ;101;321.0;NITEROI;Outras;Colisao lateral;Sem Vitimas;Pleno dia
930333;27/06/2011;Segunda;06:31:00;RJ;101;315.0;SAO GONCALO;Nao guardar distancia de seguranca;Colisao traseira;Sem Vitimas;Pleno dia
930430;22/06/2011;Quarta;16:30:00;RJ;101;323.0;NITEROI;Outras;Colisao traseira;Sem Vitimas;Pleno dia
930541;27/06/2011;Segunda;15:30:00;RJ;101;330.0;RIO DE JANEIRO;Outras;Colisao traseira;Com Vitimas Feridas;Pleno dia
930948;28/06/2011;Terca;09:20:00;RJ;101;333.0;RIO DE JANEIRO;Outras;Colisao traseira;Sem Vitimas;Pleno dia
930966;28/06/2011;Terca;11:00:00;RJ;101;312.0;SAO GONCALO;Outras;Colisao traseira;Sem Vitimas;Pleno dia
931012;28/06/2011;Terca;12:20:00;RJ;101;313.0;SAO GONCALO;Outras;Saida de Pista;Sem Vitimas;Pleno dia
931034;28/06/2011;Terca;06:00:00;RJ;101;319.0;SAO GONCALO;Outras;Colisao traseira;Sem Vitimas;Pleno dia
931045;28/06/2011;Terca;10:00:00;RJ;101;310.0;SAO GONCALO;Falta de atencao;Colisao traseira;Com Vitimas Feridas;Pleno dia
931114;28/06/2011;Terca;09:30:00;RJ;101;316.0;SAO GONCALO;Defeito mecanico em veiculo;Saida de Pista;Sem Vitimas;Pleno dia
931168;28/06/2011;Terca;10:50:00;RJ;101;323.0;NITEROI;Falta de atencao;Colisao traseira;Com Vitimas Feridas;Pleno dia
931268;28/06/2011;Terca;09:46:00;RJ;101;333.0;RIO DE JANEIRO;Outras;Colisao traseira;Sem Vitimas;Pleno dia
931399;13/06/2011;Segunda;19:30:00;RJ;101;321.0;NITEROI;Outras;Colisao lateral;Sem Vitimas;Anoitecer
931465;23/06/2011;Quinta;02:50:00;RJ;101;319.0;SAO GONCALO;Outras;Saida de Pista;Com Vitimas Fatais;Plena noite
931766;01/07/2011;Sexta;09:00:00;RJ;101;331.0;RIO DE JANEIRO;Outras;Colisao lateral;Sem Vitimas;Pleno dia
931820;01/07/2011;Sexta;05:30:00;RJ;101;316.0;SAO GONCALO;Outras;Saida de Pista;Com Vitimas Feridas;Plena noite
931997;01/07/2011;Sexta;15:30:00;RJ;101;319.0;SAO GONCALO;Falta de atencao;Colisao traseira;Sem Vitimas;Pleno dia
932063;01/07/2011;Sexta;20:50:00;RJ;101;332.0;RIO DE JANEIRO;Outras;Colisao traseira;Com Vitimas Feridas;Plena noite
932076;01/07/2011;Sexta;23:40:00;RJ;101;309.0;SAO GONCALO;Outras;Colisao traseira;Sem Vitimas;Plena noite
932095;01/07/2011;Sexta;23:20:00;RJ;101;321.0;NITEROI;Outras;Colisao traseira;Sem Vitimas;Plena noite
932492;29/06/2011;Quarta;15:45:00;RJ;101;318.0;SAO GONCALO;Velocidade incompativel;Capotamento;Com Vitimas Feridas;Pleno dia
932814;02/07/2011;Sabado;22:50:00;RJ;101;318.0;SAO GONCALO;Outras;Saida de Pista;Com Vitimas Feridas;Plena noite
932922;29/06/2011;Quarta;09:40:00;RJ;101;324.0;NITEROI;Outras;Colisao lateral;Com Vitimas Feridas;Pleno dia
932997;29/06/2011;Quarta;18:55:00;RJ;101;314.0;SAO GONCALO;Outras;Colisao traseira;Com Vitimas Feridas;Plena noite
933244;29/06/2011;Quarta;18:30:00;RJ;101;320.0;NITEROI;Outras;Colisao lateral;Sem Vitimas;Anoitecer
933344;29/06/2011;Quarta;22:00:00;RJ;101;318.0;SAO GONCALO;Outras;Atropelamento de pessoa;Com Vitimas Feridas;Plena noite
933393;29/06/2011;Quarta;18:00:00;RJ;101;312.0;SAO GONCALO;Outras;Colisao traseira;Sem Vitimas;Plena noite
933420;29/06/2011;Quarta;17:45:00;RJ;101;312.0;SAO GONCALO;Outras;Colisao traseira;Sem Vitimas;Anoitecer
933444;04/07/2011;Segunda;00:15:00;RJ;101;321.0;NITEROI;Outras;Capotamento;Com Vitimas Feridas;Plena noite
933560;14/05/2011;Sabado;21:40:00;RJ;101;322.0;NITEROI;Outras;Colisao lateral;Sem Vitimas;Plena noite
933807;04/07/2011;Segunda;13:20:00;RJ;101;322.0;NITEROI;Outras;Colisao traseira;Sem Vitimas;Pleno dia
933831;10/06/2011;Sexta;16:15:00;RJ;101;322.0;NITEROI;Falta de atencao;Colisao traseira;Sem Vitimas;Pleno dia
933998;04/07/2011;Segunda;17:20:00;RJ;101;316.0;SAO GONCALO;Outras;Colisao traseira;Sem Vitimas;Plena noite
934020;04/07/2011;Segunda;17:50:00;RJ;101;316.0;SAO GONCALO;Outras;Colisao traseira;Sem Vitimas;Pleno dia
934081;30/06/2011;Quinta;06:00:00;RJ;101;300.0;SAO GONCALO;Outras;Saida de Pista;Com Vitimas Feridas;Pleno dia
934278;04/07/2011;Segunda;21:30:00;RJ;101;319.0;SAO GONCALO;Outras;Colisao traseira;Sem Vitimas;Plena noite
934602;06/07/2011;Quarta;13:00:00;RJ;101;329.0;RIO DE JANEIRO;Outras;Colisao lateral;Sem Vitimas;Pleno dia
934653;06/07/2011;Quarta;15:40:00;RJ;101;313.0;SAO GONCALO;Outras;Colisao traseira;Sem Vitimas;Pleno dia
934800;06/07/2011;Quarta;18:00:00;RJ;101;326.0;NITEROI;Outras;Colisao traseira;Sem Vitimas;Anoitecer
934803;06/07/2011;Quarta;18:40:00;RJ;101;311.0;SAO GONCALO;Falta de atencao;Colisao traseira;Sem Vitimas;Plena noite
934913;06/07/2011;Quarta;18:35:00;RJ;101;313.0;SAO GONCALO;Outras;Colisao traseira;Com Vitimas Feridas;Plena noite
935014;06/07/2011;Quarta;21:00:00;RJ;101;316.0;SAO GONCALO;Outras;Colisao traseira;Sem Vitimas;Plena noite
935072;07/07/2011;Quinta;01:55:00;RJ;101;301.0;SAO GONCALO;Ingestao de alcool;Colisao traseira;Sem Vitimas;Plena noite
935153;07/07/2011;Quinta;06:10:00;RJ;101;300.0;SAO GONCALO;Outras;Colisao traseira;Sem Vitimas;Amanhecer
935303;29/06/2011;Quarta;19:45:00;RJ;101;321.0;NITEROI;Outras;Colisao traseira;Sem Vitimas;Plena noite
935444;07/07/2011;Quinta;18:15:00;RJ;101;322.0;NITEROI;Falta de atencao;Colisao lateral;Sem Vitimas;Anoitecer
935518;04/07/2011;Segunda;19:20:00;RJ;101;322.0;NITEROI;Outras;Colisao traseira;Sem Vitimas;Plena noite
935648;07/07/2011;Quinta;14:15:00;RJ;101;322.0;NITEROI;Outras;Colisao lateral;Sem Vitimas;Pleno dia
935755;30/06/2011;Quinta;19:30:00;RJ;101;325.0;NITEROI;Falta de atencao;Colisao com objeto fixo;Sem Vitimas;Plena noite
935769;08/07/2011;Sexta;07:00:00;RJ;101;329.0;RIO DE JANEIRO;Outras;Incendio;Sem Vitimas;Pleno dia
935775;04/07/2011;Segunda;19:50:00;RJ;101;322.0;NITEROI;Outras;Colisao traseira;Sem Vitimas;Plena noite
935852;08/07/2011;Sexta;10:23:00;RJ;101;319.0;SAO GONCALO;Outras;Colisao traseira;Sem Vitimas;Pleno dia
935857;01/07/2011;Sexta;17:30:00;RJ;101;317.0;SAO GONCALO;Outras;Colisao traseira;Sem Vitimas;Anoitecer
935870;08/07/2011;Sexta;08:10:00;RJ;101;322.0;NITEROI;Outras;Colisao lateral;Sem Vitimas;Pleno dia
935960;04/07/2011;Segunda;16:40:00;RJ;101;321.0;NITEROI;Outras;Colisao traseira;Sem Vitimas;Anoitecer
935992;06/07/2011;Quarta;08:40:00;RJ;101;324.0;NITEROI;Outras;Colisao traseira;Sem Vitimas;Pleno dia
936191;08/07/2011;Sexta;16:00:00;RJ;101;322.0;NITEROI;Outras;Colisao com objeto fixo;Sem Vitimas;Pleno dia
936195;08/07/2011;Sexta;18:00:00;RJ;101;312.0;SAO GONCALO;Outras;Colisao traseira;Sem Vitimas;Plena noite
936517;09/07/2011;Sabado;07:00:00;RJ;101;327.0;NITEROI;Outras;Colisao traseira;Com Vitimas Feridas;Pleno dia
936546;09/07/2011;Sabado;09:15:00;RJ;101;322.0;NITEROI;Outras;Colisao traseira;Sem Vitimas;Pleno dia
936687;05/07/2011;Terca;06:50:00;RJ;101;313.0;SAO GONCALO;Outras;Colisao traseira;Sem Vitimas;Pleno dia
936716;05/07/2011;Terca;19:00:00;RJ;101;317.0;SAO GONCALO;Outras;Colisao lateral;Sem Vitimas;Plena noite
936856;05/07/2011;Terca;06:30:00;RJ;101;319.0;SAO GONCALO;Outras;Colisao traseira;Com Vitimas Feridas;Pleno dia
936883;05/07/2011;Terca;21:00:00;RJ;101;318.0;SAO GONCALO;Outras;Colisao traseira;Sem Vitimas;Plena noite
936900;09/07/2011;Sabado;17:00:00;RJ;101;322.0;NITEROI;Outras;Colisao traseira;Sem Vitimas;Anoitecer
936930;09/07/2011;Sabado;18:00:00;RJ;101;322.0;NITEROI;Outras;Colisao traseira;Sem Vitimas;Plena noite
936983;09/07/2011;Sabado;11:50:00;RJ;101;322.0;NITEROI;Outras;Atropelamento de pessoa;Com Vitimas Feridas;Pleno dia
937213;10/07/2011;Domingo;03:00:00;RJ;101;334.0;RIO DE JANEIRO;Outras;Capotamento;Sem Vitimas;Plena noite
937214;10/07/2011;Domingo;02:35:00;RJ;101;332.0;RIO DE JANEIRO;Outras;Colisao traseira;Com Vitimas Feridas;Plena noite
937219;10/07/2011;Domingo;05:00:00;RJ;101;328.0;NITEROI;Outras;Colisao traseira;Sem Vitimas;Plena noite
937587;10/07/2011;Domingo;20:30:00;RJ;101;321.0;NITEROI;Nao guardar distancia de seguranca;Colisao traseira;Sem Vitimas;Plena noite
937680;10/07/2011;Domingo;23:20:00;RJ;101;322.0;NITEROI;Falta de atencao;Colisao lateral;Sem Vitimas;Plena noite
937713;11/07/2011;Segunda;00:18:00;RJ;101;324.0;NITEROI;Falta de atencao;Colisao lateral;Sem Vitimas;Plena noite
938037;11/07/2011;Segunda;11:30:00;RJ;101;304.0;SAO GONCALO;Outras;Colisao frontal;Sem Vitimas;Pleno dia
938206;11/07/2011;Segunda;15:50:00;RJ;101;306.0;SAO GONCALO;Outras;Colisao frontal;Sem Vitimas;Pleno dia
938213;17/06/2011;Sexta;12:11:00;RJ;101;333.0;RIO DE JANEIRO;Outras;Colisao traseira;Sem Vitimas;Pleno dia
938269;11/07/2011;Segunda;17:50:00;RJ;101;314.0;SAO GONCALO;Outras;Colisao com objeto movel;Sem Vitimas;Anoitecer
938336;11/07/2011;Segunda;19:00:00;RJ;101;321.0;NITEROI;Falta de atencao;Colisao lateral;Sem Vitimas;Plena noite
938345;11/07/2011;Segunda;19:45:00;RJ;101;321.0;NITEROI;Outras;Colisao lateral;Sem Vitimas;Plena noite
938418;11/07/2011;Segunda;18:50:00;RJ;101;331.0;RIO DE JANEIRO;Outras;Colisao traseira;Sem Vitimas;Plena noite
938646;12/07/2011;Terca;11:00:00;RJ;101;302.0;SAO GONCALO;Dormindo;Saida de Pista;Com Vitimas Feridas;Pleno dia
938671;30/06/2011;Quinta;21:00:00;RJ;101;321.0;NITEROI;Outras;Colisao lateral;Sem Vitimas;Plena noite
938737;19/04/2011;Terca;19:20:00;RJ;101;304.0;SAO GONCALO;Nao guardar distancia de seguranca;Colisao traseira;Sem Vitimas;Plena noite
938999;08/07/2011;Sexta;07:50:00;RJ;101;319.0;NITEROI;Nao guardar distancia de seguranca;Colisao traseira;Com Vitimas Feridas;Pleno dia
939071;12/07/2011;Terca;20:55:00;RJ;101;312.0;SAO GONCALO;Outras;Atropelamento de pessoa;Com Vitimas Feridas;Plena noite
939182;05/07/2011;Terca;14:00:00;RJ;101;325.0;NITEROI;Defeito mecanico em veiculo;Colisao com objeto fixo;Sem Vitimas;Pleno dia
939195;05/07/2011;Terca;19:30:00;RJ;101;321.0;NITEROI;Outras;Colisao traseira;Sem Vitimas;Plena noite
939207;13/07/2011;Quarta;08:05:00;RJ;101;315.0;SAO GONCALO;Outras;Capotamento;Sem Vitimas;Pleno dia
939269;14/06/2011;Terca;22:30:00;RJ;101;328.0;NITEROI;Outras;Colisao traseira;Sem Vitimas;Plena noite
939313;05/07/2011;Terca;21:30:00;RJ;101;320.0;NITEROI;Outras;Colisao lateral;Sem Vitimas;Plena noite
939329;05/07/2011;Terca;09:40:00;RJ;101;328.0;NITEROI;Outras;Colisao traseira;Sem Vitimas;Plena noite
939348;05/07/2011;Terca;07:00:00;RJ;101;325.0;NITEROI;Outras;Colisao traseira;Sem Vitimas;Pleno dia
939355;01/07/2011;Sexta;21:20:00;RJ;101;322.0;NITEROI;Outras;Colisao com objeto fixo;Sem Vitimas;Plena noite
939377;01/07/2011;Sexta;20:00:00;RJ;101;322.0;NITEROI;Outras;Queda de motocicleta / bicicleta / veiculo;Com Vitimas Feridas;Plena noite
939394;13/07/2011;Quarta;14:00:00;RJ;101;333.0;RIO DE JANEIRO;Outras;Colisao traseira;Sem Vitimas;Pleno dia
939400;13/07/2011;Quarta;11:50:00;RJ;101;314.0;SAO GONCALO;Outras;Colisao traseira;Sem Vitimas;Plena noite
939453;13/07/2011;Quarta;16:00:00;RJ;101;334.0;RIO DE JANEIRO;Outras;Colisao traseira;Sem Vitimas;Pleno dia
939505;13/07/2011;Quarta;11:10:00;RJ;101;321.0;NITEROI;Outras;Colisao traseira;Sem Vitimas;Pleno dia
939516;12/07/2011;Terca;22:00:00;RJ;101;324.0;NITEROI;Outras;Colisao traseira;Sem Vitimas;Plena noite
939533;13/07/2011;Quarta;18:50:00;RJ;101;322.0;RIO DE JANEIRO;Outras;Colisao lateral;Sem Vitimas;Plena noite
939583;13/07/2011;Quarta;18:00:00;RJ;101;318.0;SAO GONCALO;Outras;Colisao traseira;Sem Vitimas;Plena noite
939584;15/06/2011;Quarta;15:00:00;RJ;101;321.0;NITEROI;Outras;Colisao traseira;Sem Vitimas;Pleno dia
939624;13/07/2011;Quarta;12:40:00;RJ;101;313.0;SAO GONCALO;Outras;Colisao traseira;Sem Vitimas;Pleno dia
939639;13/07/2011;Quarta;22:40:00;RJ;101;329.0;RIO DE JANEIRO;Outras;Colisao lateral;Sem Vitimas;Plena noite
939800;08/07/2011;Sexta;23:35:00;RJ;101;328.0;NITEROI;Outras;Colisao traseira;Sem Vitimas;Plena noite
939839;14/07/2011;Quinta;08:45:00;RJ;101;322.0;NITEROI;Outras;Colisao lateral;Sem Vitimas;Pleno dia
940021;14/07/2011;Quinta;13:20:00;RJ;101;311.0;SAO GONCALO;Falta de atencao;Capotamento;Com Vitimas Feridas;Pleno dia
940086;14/07/2011;Quinta;15:00:00;RJ;101;312.0;SAO GONCALO;Defeito mecanico em veiculo;Queda de motocicleta / bicicleta / veiculo;Com Vitimas Feridas;Pleno dia
940090;14/07/2011;Quinta;15:15:00;RJ;101;331.0;RIO DE JANEIRO;Outras;Colisao traseira;Com Vitimas Feridas;Pleno dia
940320;14/07/2011;Quinta;21:03:00;RJ;101;330.5;RIO DE JANEIRO;Outras;Queda de motocicleta / bicicleta / veiculo;Com Vitimas Feridas;Plena noite
940358;15/07/2011;Sexta;01:40:00;RJ;101;305.0;SAO GONCALO;Defeito mecanico em veiculo;Danos Eventuais;Sem Vitimas;Plena noite
940400;11/07/2011;Segunda;18:30:00;RJ;101;331.0;RIO DE JANEIRO;Outras;Colisao traseira;Sem Vitimas;Plena noite
940433;15/07/2011;Sexta;08:20:00;RJ;101;322.0;NITEROI;Outras;Colisao com objeto fixo;Sem Vitimas;Pleno dia
940491;15/07/2011;Sexta;08:20:00;RJ;101;331.0;RIO DE JANEIRO;Outras;Colisao lateral;Sem Vitimas;Pleno dia
940701;15/07/2011;Sexta;09:45:00;RJ;101;321.0;NITEROI;Outras;Queda de motocicleta / bicicleta / veiculo;Com Vitimas Feridas;Pleno dia
940897;15/07/2011;Sexta;15:20:00;RJ;101;326.0;RIO DE JANEIRO;Nao guardar distancia de seguranca;Colisao traseira;Sem Vitimas;Pleno dia
941563;16/07/2011;Sabado;22:00:00;RJ;101;299.0;SAO GONCALO;Defeito mecanico em veiculo;Colisao com objeto fixo;Sem Vitimas;Plena noite
941706;17/07/2011;Domingo;06:02:00;RJ;101;330.0;RIO DE JANEIRO;Outras;Colisao traseira;Sem Vitimas;Pleno dia
941744;17/07/2011;Domingo;06:15:00;RJ;101;330.1;RIO DE JANEIRO;Outras;Colisao traseira;Sem Vitimas;Pleno dia
941759;17/07/2011;Domingo;09:10:00;RJ;101;318.0;SAO GONCALO;Defeito mecanico em veiculo;Queda de motocicleta / bicicleta / veiculo;Com Vitimas Feridas;Pleno dia
941885;17/07/2011;Domingo;15:30:00;RJ;101;322.0;NITEROI;Outras;Atropelamento de pessoa;Com Vitimas Feridas;Pleno dia
941889;16/07/2011;Sabado;09:55:00;RJ;101;323.8;NITEROI;Outras;Colisao traseira;Sem Vitimas;Pleno dia
941903;16/07/2011;Sabado;14:40:00;RJ;101;323.0;NITEROI;Outras;Colisao lateral;Sem Vitimas;Pleno dia
941940;17/07/2011;Domingo;17:30:00;RJ;101;310.0;SAO GONCALO;Outras;Queda de motocicleta / bicicleta / veiculo;Com Vitimas Feridas;Plena noite
941972;16/07/2011;Sabado;15:00:00;RJ;101;323.4;NITEROI;Outras;Colisao traseira;Sem Vitimas;Pleno dia
942015;17/07/2011;Domingo;20:40:00;RJ;101;322.0;NITEROI;Outras;Colisao traseira;Sem Vitimas;Plena noite
942071;17/07/2011;Domingo;21:20:00;RJ;101;334.0;RIO DE JANEIRO;Outras;Colisao traseira;Sem Vitimas;Plena noite
942135;18/07/2011;Segunda;02:00:00;RJ;101;300.0;SAO GONCALO;Outras;Atropelamento de pessoa;Com Vitimas Feridas;Plena noite
942378;18/07/2011;Segunda;11:30:00;RJ;101;322.0;NITEROI;Outras;Colisao traseira;Com Vitimas Feridas;Pleno dia
942602;18/07/2011;Segunda;19:20:00;RJ;101;322.0;NITEROI;Falta de atencao;Colisao traseira;Sem Vitimas;Plena noite
942627;18/07/2011;Segunda;17:00:00;RJ;101;309.0;SAO GONCALO;Outras;Colisao com objeto movel;Com Vitimas Feridas;Pleno dia
942654;18/07/2011;Segunda;20:15:00;RJ;101;326.0;NITEROI;Falta de atencao;Colisao traseira;Sem Vitimas;Plena noite
942812;16/07/2011;Sabado;00:10:00;RJ;101;322.0;NITEROI;Outras;Colisao lateral;Sem Vitimas;Plena noite
942947;15/07/2011;Sexta;13:50:00;RJ;101;330.0;RIO DE JANEIRO;Outras;Colisao traseira;Com Vitimas Feridas;Pleno dia
943013;19/07/2011;Terca;12:30:00;RJ;101;329.0;RIO DE JANEIRO;Outras;Colisao traseira;Com Vitimas Feridas;Pleno dia
943123;19/07/2011;Terca;15:50:00;RJ;101;313.0;SAO GONCALO;Outras;Colisao lateral;Sem Vitimas;Pleno dia
943175;15/07/2011;Sexta;13:00:00;RJ;101;331.0;RIO DE JANEIRO;Nao guardar distancia de seguranca;Colisao traseira;Sem Vitimas;Pleno dia
943417;16/07/2011;Sabado;16:57:00;RJ;101;321.0;NITEROI;Outras;Atropelamento de pessoa;Com Vitimas Feridas;Plena noite
944070;21/07/2011;Quinta;10:02:00;RJ;101;322.0;NITEROI;Outras;Colisao com objeto fixo;Sem Vitimas;Pleno dia
944167;21/07/2011;Quinta;14:10:00;RJ;101;321.2;NITEROI;Outras;Colisao traseira;Sem Vitimas;Pleno dia
944314;21/07/2011;Quinta;17:20:00;RJ;101;327.1;NITEROI;Outras;Colisao traseira;Sem Vitimas;Anoitecer
944340;21/07/2011;Quinta;18:30:00;RJ;101;322.3;NITEROI;Outras;Colisao lateral;Sem Vitimas;Anoitecer
944362;21/07/2011;Quinta;20:45:00;RJ;101;326.0;RIO DE JANEIRO;Outras;Colisao traseira;Sem Vitimas;Plena noite
944445;22/07/2011;Sexta;01:30:00;RJ;101;322.0;NITEROI;Outras;Colisao lateral;Sem Vitimas;Amanhecer
944575;22/07/2011;Sexta;07:00:00;RJ;101;316.0;SAO GONCALO;Outras;Colisao lateral;Com Vitimas Feridas;Pleno dia
944676;17/06/2011;Sexta;12:11:00;RJ;101;333.0;RIO DE JANEIRO;Outras;Colisao traseira;Sem Vitimas;Pleno dia
944705;22/07/2011;Sexta;13:45:00;RJ;101;318.0;SAO GONCALO;Nao guardar distancia de seguranca;Colisao traseira;Sem Vitimas;Pleno dia
944742;22/07/2011;Sexta;15:10:00;RJ;101;321.0;NITEROI;Falta de atencao;Colisao lateral;Sem Vitimas;Pleno dia
944839;22/07/2011;Sexta;16:50:00;RJ;101;330.0;RIO DE JANEIRO;Outras;Colisao traseira;Sem Vitimas;Plena noite
944882;22/07/2011;Sexta;17:30:00;RJ;101;300.0;SAO GONCALO;Dormindo;Capotamento;Com Vitimas Feridas;Anoitecer
944917;22/07/2011;Sexta;19:20:00;RJ;101;326.0;NITEROI;Outras;Colisao traseira;Sem Vitimas;Plena noite
944923;22/07/2011;Sexta;19:20:00;RJ;101;320.0;NITEROI;Falta de atencao;Colisao traseira;Sem Vitimas;Plena noite
944932;22/07/2011;Sexta;21:00:00;RJ;101;334.0;RIO DE JANEIRO;Outras;Colisao lateral;Sem Vitimas;Plena noite
945018;22/07/2011;Sexta;22:05:00;RJ;101;334.0;RIO DE JANEIRO;Outras;Colisao lateral;Sem Vitimas;Plena noite
945019;22/07/2011;Sexta;12:07:00;RJ;101;332.0;RIO DE JANEIRO;Outras;Colisao traseira;Com Vitimas Feridas;Pleno dia
945145;23/07/2011;Sabado;08:45:00;RJ;101;322.0;NITEROI;Outras;Colisao traseira;Com Vitimas Feridas;Pleno dia
945243;23/07/2011;Sabado;07:50:00;RJ;101;322.0;NITEROI;Outras;Colisao lateral;Sem Vitimas;Pleno dia
945260;21/07/2011;Quinta;02:59:00;RJ;101;330.0;RIO DE JANEIRO;Outras;Colisao traseira;Sem Vitimas;Plena noite
945292;23/07/2011;Sabado;10:00:00;RJ;101;330.0;NITEROI;Nao guardar distancia de seguranca;Colisao traseira;Sem Vitimas;Pleno dia
945382;23/07/2011;Sabado;17:55:00;RJ;101;322.0;NITEROI;Outras;Colisao traseira;Sem Vitimas;Anoitecer
945660;24/07/2011;Domingo;05:30:00;RJ;101;321.5;NITEROI;Outras;Capotamento;Com Vitimas Fatais;Amanhecer
945800;24/07/2011;Domingo;14:30:00;RJ;101;321.6;NITEROI;Outras;Colisao lateral;Sem Vitimas;Pleno dia
945914;24/07/2011;Domingo;18:15:00;RJ;101;334.0;RIO DE JANEIRO;Falta de atencao;Colisao com objeto fixo;Sem Vitimas;Plena noite
945919;24/07/2011;Domingo;18:40:00;RJ;101;333.0;RIO DE JANEIRO;Outras;Colisao traseira;Sem Vitimas;Plena noite