id;data_inversa;dia_semana;horario;uf;br;km;municipio;causa_acidente;tipo_acidente;classificacao_acidente;fase_dia
982668;15/08/2011;Segunda;05:15:00;RJ;101;324.0;NITEROI;Outras;Atropelamento de pessoa;Com Vitimas Fatais;Amanhecer
982688;28/09/2011;Quarta;08:00:00;RJ;101;322.0;NITEROI;Nao guardar distancia de seguranca;Colisao lateral;Sem Vitimas;Pleno dia
982715;04/09/2011;Domingo;18:20:00;RJ;101;310.0;SAO GONCALO;Falta de atencao;Saida de Pista;Com Vitimas Feridas;Anoitecer
983028;28/09/2011;Quarta;20:30:00;RJ;101;319.0;SAO GONCALO;Outras;Atropelamento de pessoa;Com Vitimas Feridas;Plena noite
983056;28/09/2011;Quarta;22:30:00;RJ;101;328.0;NITEROI;Outras;Colisao lateral;Sem Vitimas;Plena noite
983193;27/05/2011;Sexta;02:45:00;RJ;101;314.0;SAO GONCALO;Outras;Capotamento;Com Vitimas Feridas;Plena noite
983436;29/09/2011;Quinta;18:30:00;RJ;101;303.0;SAO GONCALO;Outras;Saida de Pista;Sem Vitimas;Anoitecer
983619;30/09/2011;Sexta;01:00:00;RJ;101;333.0;RIO DE JANEIRO;Nao guardar distancia de seguranca;Colisao lateral;Sem Vitimas;Plena noite
983812;30/09/2011;Sexta;13:49:00;RJ;101;325.0;NITEROI;Outras;Colisao traseira;Sem Vitimas;Pleno dia
983866;30/09/2011;Sexta;14:00:00;RJ;101;305.0;SAO GONCALO;Outras;Capotamento;Sem Vitimas;Pleno dia
983889;30/09/2011;Sexta;16:30:00;RJ;101;320.0;NITEROI;Falta de atencao;Colisao traseira;Sem Vitimas;Pleno dia
983901;30/09/2011;Sexta;17:25:00;RJ;101;329.0;NITEROI;Outras;Colisao traseira;Sem Vitimas;Pleno dia
984194;01/10/2011;Sabado;05:50:00;RJ;101;311.0;SAO GONCALO;Outras;Colisao traseira;Sem Vitimas;Pleno dia
984216;01/10/2011;Sabado;06:20:00;RJ;101;322.0;NITEROI;Outras;Colisao traseira;Sem Vitimas;Pleno dia
984242;01/10/2011;Sabado;07:30:00;RJ;101;332.0;RIO DE JANEIRO;Outras;Colisao lateral;Sem Vitimas;Pleno dia
984243;01/10/2011;Sabado;07:49:00;RJ;101;332.0;RIO DE JANEIRO;Outras;Colisao traseira;Sem Vitimas;Pleno dia
984351;01/10/2011;Sabado;14:55:00;RJ;101;325.0;NITEROI;Outras;Colisao lateral;Sem Vitimas;Pleno dia
984359;01/10/2011;Sabado;13:40:00;RJ;101;333.0;RIO DE JANEIRO;Outras;Colisao traseira;Sem Vitimas;Pleno dia
984367;01/10/2011;Sabado;07:00:00;RJ;101;332.0;RIO DE JANEIRO;Outras;Colisao com objeto fixo;Sem Vitimas;Pleno dia
984442;01/10/2011;Sabado;10:00:00;RJ;101;333.0;RIO DE JANEIRO;Outras;Colisao traseira;Sem Vitimas;Pleno dia
984578;01/10/2011;Sabado;23:30:00;RJ;101;302.0;SAO GONCALO;Animais na Pista;Atropelamento de animal;Com Vitimas Feridas;Plena noite
984660;29/09/2011;Quinta;05:30:00;RJ;101;299.0;SAO GONCALO;Falta de atencao;Saida de Pista;Sem Vitimas;Amanhecer
984717;02/10/2011;Domingo;05:30:00;RJ;101;330.0;RIO DE JANEIRO;Ingestao de alcool;Colisao traseira;Sem Vitimas;Amanhecer
985127;03/10/2011;Segunda;04:43:00;RJ;101;323.0;NITEROI;Falta de atencao;Colisao lateral;Sem Vitimas;Plena noite
985165;03/10/2011;Segunda;06:40:00;RJ;101;309.0;SAO GONCALO;Outras;Colisao traseira;Sem Vitimas;Pleno dia
985328;03/10/2011;Segunda;13:30:00;RJ;101;324.0;NITEROI;Defeito mecanico em veiculo;Colisao traseira;Sem Vitimas;Pleno dia
985461;03/10/2011;Segunda;08:00:00;RJ;101;316.0;SAO GONCALO;Outras;Colisao traseira;Sem Vitimas;Pleno dia
985465;03/10/2011;Segunda;17:30:00;RJ;101;304.0;SAO GONCALO;Outras;Saida de Pista;Sem Vitimas;Anoitecer
985495;03/10/2011;Segunda;17:30:00;RJ;101;304.0;SAO GONCALO;Outras;Colisao traseira;Sem Vitimas;Pleno dia
985529;03/10/2011;Segunda;08:30:00;RJ;101;321.0;NITEROI;Nao guardar distancia de seguranca;Colisao traseira;Sem Vitimas;Pleno dia
985568;03/10/2011;Segunda;20:25:00;RJ;101;306.0;SAO GONCALO;Outras;Colisao lateral;Sem Vitimas;Plena noite
985666;03/10/2011;Segunda;18:00:00;RJ;101;322.0;NITEROI;Outras;Colisao lateral;Sem Vitimas;Plena noite
985804;30/09/2011;Sexta;22:00:00;RJ;101;321.0;NITEROI;Outras;Colisao lateral;Sem Vitimas;Plena noite
986061;04/10/2011;Terca;13:50:00;RJ;101;321.0;NITEROI;Outras;Colisao traseira;Sem Vitimas;Plena noite
986148;04/10/2011;Terca;19:00:00;RJ;101;318.0;SAO GONCALO;Outras;Colisao traseira;Com Vitimas Feridas;Plena noite
986253;05/10/2011;Quarta;02:30:00;RJ;101;302.0;SAO GONCALO;Animais na Pista;Atropelamento de animal;Sem Vitimas;Plena noite
986317;05/10/2011;Quarta;07:45:00;RJ;101;317.0;SAO GONCALO;Outras;Colisao traseira;Sem Vitimas;Pleno dia
986485;05/10/2011;Quarta;13:24:00;RJ;101;328.0;NITEROI;Outras;Colisao traseira;Sem Vitimas;Pleno dia
986574;05/10/2011;Quarta;16:45:00;RJ;101;320.5;NITEROI;Outras;Colisao traseira;Sem Vitimas;Pleno dia
986592;05/10/2011;Quarta;17:00:00;RJ;101;332.0;RIO DE JANEIRO;Outras;Colisao lateral;Sem Vitimas;Anoitecer
986597;05/10/2011;Quarta;14:35:00;RJ;101;307.0;SAO GONCALO;Outras;Queda de motocicleta / bicicleta / veiculo;Com Vitimas Feridas;Pleno dia
986754;05/10/2011;Quarta;22:10:00;RJ;101;334.0;RIO DE JANEIRO;Outras;Colisao lateral;Sem Vitimas;Plena noite
986766;05/10/2011;Quarta;22:00:00;RJ;101;311.0;SAO GONCALO;Outras;Saida de Pista;Sem Vitimas;Pleno dia
986768;05/10/2011;Quarta;22:10:00;RJ;101;328.0;RIO DE JANEIRO;Outras;Colisao traseira;Sem Vitimas;Plena noite
986780;05/10/2011;Quarta;23:00:00;RJ;101;322.0;RIO DE JANEIRO;Outras;Colisao traseira;Sem Vitimas;Plena noite
986790;05/10/2011;Quarta;22:50:00;RJ;101;321.0;NITEROI;Outras;Colisao lateral;Sem Vitimas;Plena noite
986896;06/10/2011;Quinta;08:47:00;RJ;101;334.0;RIO DE JANEIRO;Outras;Colisao traseira;Sem Vitimas;Pleno dia
986936;13/09/2011;Terca;00:19:00;RJ;101;322.0;NITEROI;Outras;Colisao com objeto fixo;Sem Vitimas;Plena noite
987042;06/10/2011;Quinta;12:10:00;RJ;101;322.0;NITEROI;Falta de atencao;Colisao lateral;Sem Vitimas;Pleno dia
987044;06/10/2011;Quinta;14:30:00;RJ;101;312.0;SAO GONCALO;Outras;Colisao traseira;Sem Vitimas;Pleno dia
987050;06/10/2011;Quinta;08:50:00;RJ;101;333.0;RIO DE JANEIRO;Falta de atencao;Colisao traseira;Sem Vitimas;Pleno dia
987129;06/10/2011;Quinta;16:50:00;RJ;101;303.5;SAO GONCALO;Defeito mecanico em veiculo;Colisao traseira;Sem Vitimas;Pleno dia
987185;06/10/2011;Quinta;18:10:00;RJ;101;327.0;RIO DE JANEIRO;Outras;Colisao traseira;Sem Vitimas;Anoitecer
987294;06/10/2011;Quinta;20:45:00;RJ;101;319.0;SAO GONCALO;Outras;Colisao traseira;Com Vitimas Feridas;Plena noite
987527;07/10/2011;Sexta;12:10:00;RJ;101;321.0;NITEROI;Nao guardar distancia de seguranca;Colisao traseira;Sem Vitimas;Pleno dia
987559;07/10/2011;Sexta;13:35:00;RJ;101;311.0;SAO GONCALO;Nao guardar distancia de seguranca;Colisao traseira;Sem Vitimas;Pleno dia
987604;07/10/2011;Sexta;15:40:00;RJ;101;326.0;NITEROI;Nao guardar distancia de seguranca;Colisao traseira;Sem Vitimas;Pleno dia
987634;07/10/2011;Sexta;16:55:00;RJ;101;333.0;RIO DE JANEIRO;Outras;Colisao traseira;Sem Vitimas;Pleno dia
987692;04/10/2011;Terca;20:50:00;RJ;101;322.2;NITEROI;Outras;Colisao lateral;Sem Vitimas;Anoitecer
987729;04/10/2011;Terca;21:00:00;RJ;101;321.0;NITEROI;Outras;Colisao traseira;Sem Vitimas;Anoitecer
987824;07/10/2011;Sexta;21:30:00;RJ;101;328.0;RIO DE JANEIRO;Nao guardar distancia de seguranca;Colisao traseira;Sem Vitimas;Plena noite
987825;07/10/2011;Sexta;22:50:00;RJ;101;323.0;NITEROI;Outras;Colisao lateral;Sem Vitimas;Plena noite
987840;07/10/2011;Sexta;23:30:00;RJ;101;322.0;NITEROI;Outras;Colisao traseira;Sem Vitimas;Plena noite
987963;09/10/2011;Domingo;10:15:00;RJ;101;321.0;NITEROI;Outras;Queda de motocicleta / bicicleta / veiculo;Com Vitimas Feridas;Pleno dia
988221;09/10/2011;Domingo;19:20:00;RJ;101;322.0;NITEROI;Outras;Colisao lateral;Sem Vitimas;Plena noite
988227;09/10/2011;Domingo;19:20:00;RJ;101;326.0;NITEROI;Outras;Colisao lateral;Sem Vitimas;Plena noite
988304;09/10/2011;Domingo;19:50:00;RJ;101;310.0;SAO GONCALO;Outras;Colisao traseira;Com Vitimas Feridas;Plena noite
988328;09/10/2011;Domingo;21:30:00;RJ;101;309.0;SAO GONCALO;Outras;Colisao traseira;Com Vitimas Feridas;Plena noite
988448;10/10/2011;Segunda;02:20:00;RJ;101;316.0;SAO GONCALO;Outras;Danos Eventuais;Sem Vitimas;Plena noite
988494;10/10/2011;Segunda;05:30:00;RJ;101;328.0;RIO DE JANEIRO;Outras;Colisao traseira;Sem Vitimas;Amanhecer
988527;10/10/2011;Segunda;07:35:00;RJ;101;322.0;NITEROI;Outras;Colisao lateral;Sem Vitimas;Pleno dia
988569;10/10/2011;Segunda;06:30:00;RJ;101;317.0;SAO GONCALO;Outras;Colisao traseira;Sem Vitimas;Amanhecer
988703;10/10/2011;Segunda;11:40:00;RJ;101;327.0;NITEROI;Defeito mecanico em veiculo;Colisao traseira;Com Vitimas Feridas;Pleno dia
988897;06/10/2011;Quinta;00:10:00;RJ;101;313.0;SAO GONCALO;Outras;Colisao traseira;Sem Vitimas;Plena noite
988948;08/10/2011;Sabado;12:00:00;RJ;101;323.0;NITEROI;Outras;Colisao traseira;Sem Vitimas;Pleno dia
989136;11/10/2011;Terca;01:00:00;RJ;101;324.0;NITEROI;Desobediencia a sinalizacao;Colisao com objeto movel;Com Vitimas Feridas;Plena noite
989244;11/10/2011;Terca;07:00:00;RJ;101;311.0;SAO GONCALO;Velocidade incompativel;Atropelamento de pessoa;Com Vitimas Feridas;Pleno dia
989341;08/10/2011;Sabado;13:00:00;RJ;101;322.9;NITEROI;Outras;Colisao traseira;Sem Vitimas;Pleno dia
989374;11/10/2011;Terca;10:25:00;RJ;101;331.0;RIO DE JANEIRO;Falta de atencao;Colisao traseira;Sem Vitimas;Pleno dia
990764;14/10/2011;Sexta;18:50:00;RJ;101;310.5;SAO GONCALO;Nao guardar distancia de seguranca;Colisao traseira;Sem Vitimas;Plena noite
990770;14/10/2011;Sexta;18:20:00;RJ;101;310.0;SAO GONCALO;Outras;Colisao traseira;Sem Vitimas;Anoitecer
991038;14/10/2011;Sexta;23:44:00;RJ;101;323.0;NITEROI;Outras;Colisao traseira;Sem Vitimas;Plena noite
991110;15/10/2011;Sabado;01:55:00;RJ;101;315.0;SAO GONCALO;Outras;Capotamento;Com Vitimas Fatais;Plena noite
991137;07/10/2011;Sexta;09:10:00;RJ;101;328.0;RIO DE JANEIRO;Nao guardar distancia de seguranca;Colisao traseira;Sem Vitimas;Pleno dia
991174;08/10/2011;Sabado;13:30:00;RJ;101;322.0;NITEROI;Outras;Colisao lateral;Sem Vitimas;Pleno dia
991175;11/10/2011;Terca;12:22:00;RJ;101;322.5;NITEROI;Defeito mecanico em veiculo;Colisao com objeto fixo;Sem Vitimas;Pleno dia
991180;07/10/2011;Sexta;10:45:00;RJ;101;320.0;SAO GONCALO;Falta de atencao;Colisao lateral;Sem Vitimas;Pleno dia
991194;08/10/2011;Sabado;14:50:00;RJ;101;322.0;NITEROI;Outras;Colisao lateral;Sem Vitimas;Pleno dia
991228;08/10/2011;Sabado;15:00:00;RJ;101;324.2;NITEROI;Outras;Colisao traseira;Sem Vitimas;Pleno dia
991269;08/10/2011;Sabado;10:30:00;RJ;101;322.0;NITEROI;Outras;Colisao traseira;Sem Vitimas;Pleno dia
991295;08/10/2011;Sabado;15:30:00;RJ;101;321.0;NITEROI;Outras;Colisao traseira;Sem Vitimas;Pleno dia
991341;08/10/2011;Sabado;20:30:00;RJ;101;321.0;NITEROI;Outras;Colisao traseira;Sem Vitimas;Plena noite
991354;11/10/2011;Terca;22:30:00;RJ;101;322.0;NITEROI;Falta de atencao;Colisao traseira;Sem Vitimas;Plena noite
991446;08/10/2011;Sabado;09:00:00;RJ;101;322.0;NITEROI;Outras;Colisao lateral;Sem Vitimas;Pleno dia
991505;11/10/2011;Terca;12:45:00;RJ;101;323.0;NITEROI;Nao guardar distancia de seguranca;Colisao traseira;Sem Vitimas;Pleno dia
991684;15/10/2011;Sabado;16:00:00;RJ;101;320.0;NITEROI;Nao guardar distancia de seguranca;Colisao traseira;Sem Vitimas;Pleno dia
992005;15/10/2011;Sabado;23:30:00;RJ;101;327.0;RIO DE JANEIRO;Ingestao de alcool;Colisao com objeto fixo;Com Vitimas Feridas;Plena noite
992047;16/10/2011;Domingo;04:00:00;RJ;101;325.0;NITEROI;Outras;Colisao com objeto fixo;Sem Vitimas;Plena noite
992106;16/10/2011;Domingo;06:45:00;RJ;101;325.0;NITEROI;Outras;Colisao traseira;Sem Vitimas;Amanhecer
992246;16/10/2011;Domingo;10:10:00;RJ;101;325.0;NITEROI;Outras;Colisao traseira;Com Vitimas Feridas;Pleno dia
992576;11/10/2011;Terca;22:10:00;RJ;101;319.0;NITEROI;Desobediencia a sinalizacao;Colisao traseira;Sem Vitimas;Plena noite
992685;16/10/2011;Domingo;19:00:00;RJ;101;319.0;SAO GONCALO;Outras;Colisao lateral;Sem Vitimas;Amanhecer
992762;16/10/2011;Domingo;21:10:00;RJ;101;302.0;SAO GONCALO;Nao guardar distancia de seguranca;Capotamento;Sem Vitimas;Plena noite
992763;08/10/2011;Sabado;13:33:00;RJ;101;302.0;SAO GONCALO;Outras;Colisao lateral;Sem Vitimas;Pleno dia
992932;17/10/2011;Segunda;01:40:00;RJ;101;314.0;SAO GONCALO;Outras;Saida de Pista;Com Vitimas Feridas;Plena noite
992964;13/10/2011;Quinta;07:22:00;RJ;101;321.0;NITEROI;Outras;Colisao traseira;Sem Vitimas;Pleno dia
993009;17/10/2011;Segunda;08:10:00;RJ;101;309.0;SAO GONCALO;Outras;Saida de Pista;Sem Vitimas;Pleno dia
993017;13/10/2011;Quinta;09:00:00;RJ;101;332.0;RIO DE JANEIRO;Outras;Colisao lateral;Com Vitimas Feridas;Pleno dia
993111;17/10/2011;Segunda;10:45:00;RJ;101;333.0;RIO DE JANEIRO;Nao guardar distancia de seguranca;Queda de motocicleta / bicicleta / veiculo;Com Vitimas Feridas;Pleno dia
993149;16/10/2011;Domingo;21:50:00;RJ;101;322.0;NITEROI;Nao guardar distancia de seguranca;Colisao com objeto fixo;Sem Vitimas;Anoitecer
993173;13/10/2011;Quinta;19:52:00;RJ;101;322.0;NITEROI;Outras;Colisao lateral;Sem Vitimas;Plena noite
993266;17/10/2011;Segunda;06:40:00;RJ;101;313.0;SAO GONCALO;Outras;Colisao traseira;Com Vitimas Feridas;Pleno dia
993281;13/10/2011;Quinta;08:45:00;RJ;101;322.0;NITEROI;Outras;Colisao traseira;Sem Vitimas;Pleno dia
993359;17/10/2011;Segunda;07:54:00;RJ;101;334.0;RIO DE JANEIRO;Outras;Colisao traseira;Sem Vitimas;Pleno dia
993737;18/10/2011;Terca;01:00:00;RJ;101;313.0;SAO GONCALO;Defeito na via;Capotamento;Sem Vitimas;Plena noite
993944;18/10/2011;Terca;09:00:00;RJ;101;313.0;SAO GONCALO;Outras;Colisao lateral;Sem Vitimas;Pleno dia
993979;18/10/2011;Terca;10:10:00;RJ;101;321.0;NITEROI;Falta de atencao;Colisao traseira;Sem Vitimas;Pleno dia
994166;18/10/2011;Terca;15:00:00;RJ;101;316.0;SAO GONCALO;Outras;Colisao traseira;Sem Vitimas;Pleno dia
994198;14/10/2011;Sexta;08:40:00;RJ;101;313.8;SAO GONCALO;Nao guardar distancia de seguranca;Colisao traseira;Sem Vitimas;Pleno dia
994214;18/10/2011;Terca;10:40:00;RJ;101;321.0;NITEROI;Outras;Colisao lateral;Sem Vitimas;Pleno dia
994228;18/10/2011;Terca;11:00:00;RJ;101;321.0;NITEROI;Falta de atencao;Colisao traseira;Sem Vitimas;Pleno dia
994252;18/10/2011;Terca;12:00:00;RJ;101;319.0;SAO GONCALO;Nao guardar distancia de seguranca;Colisao traseira;Sem Vitimas;Pleno dia
994273;18/10/2011;Terca;17:00:00;RJ;101;318.0;SAO GONCALO;Outras;Colisao traseira;Sem Vitimas;Pleno dia
994282;18/10/2011;Terca;15:15:00;RJ;101;308.2;SAO GONCALO;Nao guardar distancia de seguranca;Colisao traseira;Sem Vitimas;Pleno dia
994347;14/10/2011;Sexta;09:00:00;RJ;101;302.0;SAO GONCALO;Outras;Colisao traseira;Sem Vitimas;Pleno dia
994495;18/10/2011;Terca;10:00:00;RJ;101;314.0;SAO GONCALO;Outras;Colisao traseira;Sem Vitimas;Pleno dia
994571;19/10/2011;Quarta;06:20:00;RJ;101;315.0;SAO GONCALO;Outras;Saida de Pista;Com Vitimas Feridas;Amanhecer
994748;08/10/2011;Sabado;06:30:00;RJ;101;322.0;NITEROI;Falta de atencao;Colisao com objeto fixo;Sem Vitimas;Pleno dia
994984;19/10/2011;Quarta;15:00:00;RJ;101;321.0;NITEROI;Nao guardar distancia de seguranca;Colisao lateral;Sem Vitimas;Pleno dia
995006;16/10/2011;Domingo;05:10:00;RJ;101;302.0;SAO GONCALO;Outras;Saida de Pista;Sem Vitimas;Plena noite
995010;19/10/2011;Quarta;19:00:00;RJ;101;322.0;NITEROI;Nao guardar distancia de seguranca;Colisao lateral;Sem Vitimas;Plena noite
995070;19/10/2011;Quarta;17:20:00;RJ;101;319.0;SAO GONCALO;Nao guardar distancia de seguranca;Colisao traseira;Sem Vitimas;Pleno dia
995398;20/10/2011;Quinta;13:20:00;RJ;101;307.0;SAO GONCALO;Falta de atencao;Colisao traseira;Sem Vitimas;Pleno dia
995442;08/10/2011;Sabado;19:45:00;RJ;101;316.0;SAO GONCALO;Outras;Colisao traseira;Sem Vitimas;Plena noite
996002;18/10/2011;Terca;03:00:00;RJ;101;322.0;NITEROI;Outras;Colisao lateral;Sem Vitimas;Plena noite
996036;17/10/2011;Segunda;18:20:00;RJ;101;319.0;NITEROI;Outras;Colisao traseira;Sem Vitimas;Anoitecer
996042;17/10/2011;Segunda;16:30:00;RJ;101;312.0;SAO GONCALO;Outras;Colisao traseira;Sem Vitimas;Pleno dia
996079;21/10/2011;Sexta;15:05:00;RJ;101;323.0;NITEROI;Outras;Colisao traseira;Sem Vitimas;Pleno dia
996282;13/10/2011;Quinta;10:30:00;RJ;101;322.0;NITEROI;Outras;Colisao lateral;Sem Vitimas;Pleno dia
996291;21/10/2011;Sexta;21:35:00;RJ;101;334.0;RIO DE JANEIRO;Outras;Colisao lateral;Sem Vitimas;Plena noite
996292;13/10/2011;Quinta;18:38:00;RJ;101;331.0;RIO DE JANEIRO;Outras;Colisao traseira;Sem Vitimas;Plena noite
996361;22/10/2011;Sabado;00:02:00;RJ;101;324.0;NITEROI;Outras;Colisao lateral;Sem Vitimas;Plena noite
996403;22/10/2011;Sabado;02:20:00;RJ;101;305.0;SAO GONCALO;Outras;Colisao com bicicleta;Com Vitimas Feridas;Plena noite
996481;22/10/2011;Sabado;07:50:00;RJ;101;322.0;NITEROI;Outras;Colisao traseira;Sem Vitimas;Pleno dia
996531;14/10/2011;Sexta;08:00:00;RJ;101;315.0;SAO GONCALO;Outras;Colisao lateral;Sem Vitimas;Pleno dia
996725;22/10/2011;Sabado;17:20:00;RJ;101;322.0;NITEROI;Outras;Colisao lateral;Sem Vitimas;Pleno dia
996909;22/10/2011;Sabado;21:21:00;RJ;101;316.0;SAO GONCALO;Outras;Colisao com objeto fixo;Sem Vitimas;Plena noite
997023;22/10/2011;Sabado;21:20:00;RJ;101;316.0;SAO GONCALO;Outras;Colisao com bicicleta;Com Vitimas Feridas;Plena noite
997099;23/10/2011;Domingo;09:30:00;RJ;101;322.5;NITEROI;Velocidade incompativel;Colisao lateral;Sem Vitimas;Pleno dia
997738;24/10/2011;Segunda;06:40:00;RJ;101;314.0;SAO GONCALO;Falta de atencao;Colisao lateral;Sem Vitimas;Pleno dia
997759;24/10/2011;Segunda;08:45:00;RJ;101;315.0;SAO GONCALO;Outras;Colisao traseira;Sem Vitimas;Plena noite
997837;20/10/2011;Quinta;12:35:00;RJ;101;320.0;NITEROI;Falta de atencao;Colisao traseira;Com Vitimas Feridas;Pleno dia
997863;24/10/2011;Segunda;18:30:00;RJ;101;317.0;SAO GONCALO;Outras;Atropelamento de pessoa;Com Vitimas Feridas;Anoitecer
997968;22/10/2011;Sabado;08:20:00;RJ;101;311.0;SAO GONCALO;Outras;Colisao com objeto fixo;Sem Vitimas;Pleno dia
997986;24/10/2011;Segunda;20:20:00;RJ;101;319.0;SAO GONCALO;Outras;Colisao lateral;Com Vitimas Feridas;Plena noite
998071;22/10/2011;Sabado;04:45:00;RJ;101;311.0;SAO GONCALO;Outras;Colisao com objeto fixo;Sem Vitimas;Plena noite
998095;25/10/2011;Terca;08:15:00;RJ;101;306.0;SAO GONCALO;Animais na Pista;Atropelamento de animal;Sem Vitimas;Pleno dia
998145;25/10/2011;Terca;08:36:00;RJ;101;329.0;RIO DE JANEIRO;Outras;Colisao traseira;Com Vitimas Feridas;Pleno dia
998185;25/10/2011;Terca;08:30:00;RJ;101;319.0;SAO GONCALO;Outras;Atropelamento de pessoa;Com Vitimas Feridas;Pleno dia
998202;25/10/2011;Terca;10:30:00;RJ;101;318.0;SAO GONCALO;Outras;Colisao lateral;Sem Vitimas;Pleno dia
998252;25/10/2011;Terca;12:26:00;RJ;101;327.0;NITEROI;Outras;Colisao traseira;Sem Vitimas;Pleno dia
998283;25/10/2011;Terca;12:43:00;RJ;101;329.0;RIO DE JANEIRO;Outras;Colisao traseira;Sem Vitimas;Pleno dia
998462;25/10/2011;Terca;18:30:00;RJ;101;333.0;RIO DE JANEIRO;Outras;Colisao lateral;Sem Vitimas;Plena noite
998484;25/10/2011;Terca;20:00:00;RJ;101;322.0;NITEROI;Outras;Colisao lateral;Sem Vitimas;Plena noite
998636;26/10/2011;Quarta;05:10:00;RJ;101;307.0;SAO GONCALO;Outras;Saida de Pista;Com Vitimas Feridas;Plena noite
998756;26/10/2011;Quarta;10:40:00;RJ;101;333.0;RIO DE JANEIRO;Outras;Colisao traseira;Sem Vitimas;Pleno dia
998808;26/10/2011;Quarta;06:10:00;RJ;101;316.9;SAO GONCALO;Nao guardar distancia de seguranca;Colisao traseira;Sem Vitimas;Pleno dia
998877;22/10/2011;Sabado;15:20:00;RJ;101;319.3;SAO GONCALO;Nao guardar distancia de seguranca;Colisao traseira;Sem Vitimas;Pleno dia
998887;26/10/2011;Quarta;15:15:00;RJ;101;323.0;NITEROI;Outras;Colisao traseira;Sem Vitimas;Pleno dia
998917;26/10/2011;Quarta;19:32:00;RJ;101;322.0;NITEROI;Outras;Colisao lateral;Sem Vitimas;Anoitecer
998969;26/10/2011;Quarta;15:30:00;RJ;101;312.0;SAO GONCALO;Outras;Colisao traseira;Sem Vitimas;Pleno dia
999133;27/10/2011;Quinta;07:15:00;RJ;101;316.0;SAO GONCALO;Outras;Colisao lateral;Sem Vitimas;Pleno dia
999140;12/10/2011;Quarta;14:30:00;RJ;101;321.0;NITEROI;Falta de atencao;Colisao com objeto fixo;Sem Vitimas;Pleno dia
999207;27/10/2011;Quinta;10:15:00;RJ;101;308.0;SAO GONCALO;Nao guardar distancia de seguranca;Colisao traseira;Sem Vitimas;Pleno dia
999237;27/10/2011;Quinta;09:30:00;RJ;101;331.0;RIO DE JANEIRO;Nao guardar distancia de seguranca;Colisao lateral;Com Vitimas Feridas;Pleno dia
999347;24/10/2011;Segunda;05:50:00;RJ;101;321.0;NITEROI;Outras;Colisao traseira;Sem Vitimas;Amanhecer
999361;24/10/2011;Segunda;14:00:00;RJ;101;320.0;NITEROI;Outras;Colisao traseira;Sem Vitimas;Pleno dia
999371;24/10/2011;Segunda;18:00:00;RJ;101;322.0;NITEROI;Outras;Colisao lateral;Sem Vitimas;Anoitecer
999389;27/10/2011;Quinta;17:40:00;RJ;101;321.0;NITEROI;Outras;Colisao lateral;Sem Vitimas;Pleno dia
999392;27/10/2011;Quinta;10:30:00;RJ;101;325.0;NITEROI;Falta de atencao;Colisao traseira;Sem Vitimas;Pleno dia
999394;27/10/2011;Quinta;06:40:00;RJ;101;320.0;NITEROI;Outras;Colisao lateral;Sem Vitimas;Pleno dia
999395;24/10/2011;Segunda;18:10:00;RJ;101;325.2;NITEROI;Outras;Colisao traseira;Sem Vitimas;Anoitecer
999408;24/10/2011;Segunda;20:00:00;RJ;101;322.0;NITEROI;Outras;Colisao traseira;Sem Vitimas;Plena noite
999466;27/10/2011;Quinta;16:47:00;RJ;101;325.0;NITEROI;Outras;Colisao traseira;Com Vitimas Feridas;Pleno dia
999734;28/10/2011;Sexta;12:30:00;RJ;101;307.0;SAO GONCALO;Falta de atencao;Colisao traseira;Sem Vitimas;Pleno dia
999811;24/10/2011;Segunda;15:30:00;RJ;101;327.0;RIO DE JANEIRO;Defeito mecanico em veiculo;Colisao com objeto fixo;Com Vitimas Fatais;Pleno dia
999858;28/10/2011;Sexta;14:20:00;RJ;101;313.0;SAO GONCALO;Outras;Capotamento;Com Vitimas Feridas;Pleno dia
999883;28/10/2011;Sexta;06:45:00;RJ;101;316.0;SAO GONCALO;Falta de atencao;Colisao lateral;Sem Vitimas;Pleno dia